veri,model,temsil,temsil_turu,sifreli_deger,tohum,auc,ci95_alt,ci95_ust,n,epoch_ort,wd_secilen,lr_secilen,sinirda,aktarim_hatasi,en_buyuk_ara_deger,sure_s,auc_kat_ort
beyin MR (Cheng),D,U512,tam_orijinal,262144,0,0.8812989381521618,0.8542355274758638,0.9029166719736268,3064,24.6,100/100/10/100/100,0.0001/0.001/0.001/0.0001/0.0001,,1.1608465824153311e-06,115.51544284599072,199.86360949999653,0.8846209333010805
beyin MR (Cheng),D2,U512,tam_orijinal,262144,0,0.881884784629773,0.858953317808642,0.9026817357311796,3064,21.6,1/0.01/1/1/0.0001,0.001/0.001/0.001/0.001/0.001,,2.0896451875529465e-06,6.804977247464155,63.59993000002578,0.8834745887182949
beyin MR (Cheng),C,U512,tam_orijinal,262144,0,0.8414473829264003,0.816514617007193,0.8655170623007795,3064,6.2,10/1/1/1/1,0.001/0.001/0.001/0.001/0.001,,6.730356730599851e-06,34.795478844547354,61.25492910004687,0.8512545488008529
beyin MR (Cheng),D,tam,tam_224,50176,0,0.8757413743947965,0.8459057792220723,0.8990375682586575,3064,9.4,100/100/10/100/10,0.0001/0.0001/0.001/0.0001/0.001,,8.424220929725834e-07,28.69318224929693,45.6807946000481,0.8824018897169473
beyin MR (Cheng),D2,tam,tam_224,50176,0,0.8722842058494732,0.8481649807616143,0.893927030426707,3064,11.8,1/1/0.01/0.0001/0.01,0.001/0.001/0.001/0.001/0.001,,1.9438452136810724e-06,7.795007727053275,15.271189200109802,0.8730971755588444
beyin MR (Cheng),C,tam,tam_224,50176,0,0.8459402323876551,0.8169988760290299,0.8703149070138456,3064,6.2,1/1/1/1/0.01,0.001/0.001/0.001/0.001/0.001,,3.121930266303252e-06,35.150406104445835,13.769718599971384,0.8533282855332922
beyin MR (Cheng),D,U90,es_ornekli,8100,0,0.8805389337720007,0.8544031007039303,0.9026859936786472,3064,5.8,10/10/10/10/10,0.001/0.001/0.001/0.001/0.001,,1.1586872048496843e-06,14.412237004565648,11.309446300030686,0.8823327323323685
beyin MR (Cheng),D2,U90,es_ornekli,8100,0,0.8613562988531797,0.8349640034349431,0.8858075110825886,3064,6.6,1/0.0001/0.01/0.0001/0.0001,0.001/0.001/0.001/0.001/0.001,,1.5922816585245414e-06,7.781996625982845,9.855097100022247,0.8616575629510947
beyin MR (Cheng),C,U90,es_ornekli,8100,0,0.8469868140584899,0.8211303024041254,0.8707498626492485,3064,7.8,1/1/1/1/1,0.001/0.001/0.001/0.001/0.001,,2.069734263976386e-06,40.368626184855344,11.156223200028762,0.8515885908595331
beyin MR (Cheng),D,U64,es_ornekli,4096,0,0.8787699531228997,0.8515736429724812,0.902723889976635,3064,8.8,10/10/10/10/10,0.001/0.001/0.001/0.001/0.001,,1.1675617370698887e-06,13.05370628754865,9.55166180001106,0.8828997370873448
beyin MR (Cheng),D2,U64,es_ornekli,4096,0,0.8650631757608037,0.8385324389405624,0.8887914124682629,3064,4.8,1/0.0001/0.0001/0.0001/0.0001,0.001/0.001/0.001/0.001/0.001,,1.242058474737462e-06,6.648435126987139,9.36236279993318,0.8680823563196338
beyin MR (Cheng),C,U64,es_ornekli,4096,0,0.8486387095885549,0.8227039525630253,0.8722700930870142,3064,5.4,1/1/1/1/0.01,0.001/0.001/0.001/0.001/0.001,,1.403724503745707e-06,39.245565353107736,10.51592909998726,0.8582914888280586
beyin MR (Cheng),D,F64_G32,odakli,5123,0,0.9467693395669596,0.9275057033467908,0.9624247507186744,3064,10.4,10/10/10/10/10,0.001/0.001/0.001/0.001/0.001,,9.70408875033968e-07,25.93906846428656,12.112381599959916,0.9480179205156196
beyin MR (Cheng),D2,F64_G32,odakli,5123,0,0.90958556589577,0.8880122028474566,0.9282722797033436,3064,17.8,1/1/1/1/1,0.001/0.001/0.001/0.001/0.001,,1.1885955109036672e-06,7.437890795171603,13.235163199948149,0.909946092740148
beyin MR (Cheng),C,F64_G32,odakli,5120,0,0.9223219123175644,0.9025625659795388,0.940085979131747,3064,22.0,1/1/1/1/1,0.001/0.001/0.001/0.001/0.001,,2.417042675340042e-06,68.95687641022651,16.80391680006869,0.9264720064763928
beyin MR (Cheng),D,F64_P32k2_G32,odakli,6147,0,0.9532092071225312,0.9359476291120986,0.9674810080826218,3064,6.6,10/10/10/10/10,0.001/0.001/0.001/0.001/0.001,,1.013918297765315e-06,19.19582059018405,12.384524599998258,0.955573276765393
beyin MR (Cheng),D2,F64_P32k2_G32,odakli,6147,0,0.90286566894569,0.8821961879141851,0.9227602392653096,3064,16.6,0.01/1/0.01/1/1,0.001/0.001/0.001/0.001/0.001,,2.230576983119903e-06,8.485010330464094,13.16274230007548,0.9066102898342436
beyin MR (Cheng),C,F64_P32k2_G32,odakli,6144,0,0.8970424299705826,0.871666082579627,0.9203794456665896,3064,6.8,1/1/1/1/1,0.001/0.001/0.001/0.001/0.001,,1.88404067813508e-06,79.94914096201221,16.55617070000153,0.911084333959377
beyin MR (Cheng),D,F32_G16,odakli,1283,0,0.9471540540986618,0.9285239798634266,0.9625220192839372,3064,11.8,10/1/1/10/10,0.001/0.001/0.001/0.001/0.001,,1.919232192726384e-06,14.287146202836675,11.202559500001373,0.9491727826519376
beyin MR (Cheng),D2,F32_G16,odakli,1283,0,0.9168852523548576,0.8963192110595043,0.9345678336940454,3064,20.0,1/0.01/1/1/1,0.001/0.001/0.001/0.001/0.001,,1.931647120478885e-06,7.243442244866583,13.860958000062965,0.9179653650765448
beyin MR (Cheng),C,F32_G16,odakli,1280,0,0.9505079337135964,0.9379330865256372,0.9637516502910874,3064,61.0,1/1/1/1/1,0.001/0.001/0.001/0.001/0.001,,2.994247122245497e-06,41.97367355081498,25.16421959991567,0.9529750467882552
beyin MR (Cheng),D,F64,odakli,4099,0,0.8635296169205965,0.833825227153715,0.8883802431618698,3064,7.6,10/10/10/10/100,0.001/0.001/0.001/0.001/0.0001,,7.345713015638466e-07,14.397050386999856,14.433448900002986,0.8664488257917242
beyin MR (Cheng),D2,F64,odakli,4099,0,0.8500233500646561,0.830693388766339,0.8709306666513648,3064,21.8,1/1/1/1/1,0.001/0.001/0.001/0.001/0.001,,1.760210140311358e-06,7.285078259668783,15.47411439998541,0.852509688496168
beyin MR (Cheng),C,F64,odakli,4096,0,0.8876562584156776,0.8633034373593635,0.909243978352492,3064,29.6,1/1/1/1/1,0.001/0.001/0.001/0.001/0.001,,2.473037908679032e-06,52.40808813563954,17.549923100043088,0.8908494111182632
beyin MR (Cheng),D,sabit,sabit,0,0,0.4707404467159042,0.4068320137118186,0.538896938478539,3064,6.8,0.0001/0.0001/0.0001/1/0.0001,0.001/0.001/0.001/0.001/0.001,,8.657606487272319e-08,0.0,7.610853199963458,0.5
beyin MR (Cheng),D2,sabit,sabit,0,0,0.4815348870358883,0.4215765087443066,0.5515928460071645,3064,5.6,0.01/0.01/0.0001/10/0.0001,0.001/0.001/0.001/0.001/0.001,,3.289285219199023e-08,0.0,8.869829599978402,0.5
akciğer grafisi (COVID-QU-Ex),D,U256,tam_orijinal,65536,0,0.9011385673765754,0.8950476748263092,0.9068036627920112,6788,18.0,0.0001,0.001,,4.91497498211757e-06,88.81988811103362,42.905858600046486,
akciğer grafisi (COVID-QU-Ex),D2,U256,tam_orijinal,65536,0,0.9465134163590064,0.9416759994935614,0.950873830273292,6788,14.0,0.0001,0.001,,3.3209399799005723e-06,9.47418724373228,46.85084959992673,
akciğer grafisi (COVID-QU-Ex),C,U256,tam_orijinal,65536,0,0.933664461419322,0.9285294278778744,0.9377252637238708,6788,27.0,0.01,0.001,,4.704434558355786e-06,58.20844407375672,50.08721529995091,
akciğer grafisi (COVID-QU-Ex),D,tam,tam_224,50176,0,0.8891921994397899,0.882800216985541,0.8948347788060291,6788,16.0,0.0001,0.001,,3.720517463445816e-06,129.12476030340693,35.14753139996901,
akciğer grafisi (COVID-QU-Ex),D2,tam,tam_224,50176,0,0.9385821573934277,0.9340611709568468,0.9432169193470596,6788,10.0,0.0001,0.001,,3.7661776790542953e-06,6.7750030867259285,36.154297000030056,
akciğer grafisi (COVID-QU-Ex),C,tam,tam_224,50176,0,0.9291772101066712,0.9240203038944446,0.9339202202018037,6788,21.0,0.0001,0.001,,5.311085496728651e-06,19.961490925292484,40.18266810011119,
akciğer grafisi (COVID-QU-Ex),D,U90,es_ornekli,8100,0,0.8753978978653074,0.8683520169751591,0.881881150262189,6788,40.0,0.01,0.001,,1.4083717869706192e-06,34.09260357397864,33.44079259992577,
akciğer grafisi (COVID-QU-Ex),D2,U90,es_ornekli,8100,0,0.9412720241697312,0.9367201880116696,0.945517756954366,6788,11.0,0.01,0.001,,1.6678910901291033e-06,8.24407834381167,21.99097000004258,
akciğer grafisi (COVID-QU-Ex),C,U90,es_ornekli,8100,0,0.9212824819133651,0.9161735861247012,0.9263003849141334,6788,23.0,0.01,0.001,,2.148154738534913e-06,21.11945848147068,36.644562200061046,
akciğer grafisi (COVID-QU-Ex),D,U64,es_ornekli,4096,0,0.8676045411397438,0.8608719341254132,0.8744141979749837,6788,33.0,0.01,0.001,,1.0013849974788158e-06,11.681189721525644,28.91519440000411,
akciğer grafisi (COVID-QU-Ex),D2,U64,es_ornekli,4096,0,0.9367911072446748,0.9319122578142492,0.941346844221156,6788,10.0,0.0001,0.001,,3.6234560631953615e-06,7.1681406993931205,22.651775900041685,
akciğer grafisi (COVID-QU-Ex),C,U64,es_ornekli,4096,0,0.9164363735989756,0.9107624851726724,0.9217782694733788,6788,25.0,0.01,0.001,,1.840345852599512e-06,26.5315244855843,33.3464017000515,
akciğer grafisi (COVID-QU-Ex),D,F64_G32,odakli,5123,0,0.9152757215709708,0.9092681761566792,0.9206137051006812,6788,19.0,0.01,0.001,,8.567670057857413e-07,15.242247519271562,24.04712940007448,
akciğer grafisi (COVID-QU-Ex),D2,F64_G32,odakli,5123,0,0.9503513818887764,0.9465132139905884,0.9543207169928564,6788,9.0,0.01,0.001,,3.350396120538335e-06,8.801828423134761,26.16003630007617,
akciğer grafisi (COVID-QU-Ex),C,F64_G32,odakli,5120,0,0.9360397063515716,0.9313058378440644,0.9407287724780456,6788,40.0,1,0.001,,9.823992805912951e-07,14.175582334882314,49.18141550000291,
akciğer grafisi (COVID-QU-Ex),D,F64_P32k2_G32,odakli,6147,0,0.9151333053808788,0.9092883882494576,0.9206300557024344,6788,19.0,0.01,0.001,,1.3229466726549788e-06,25.15010124885954,22.62331679998897,
akciğer grafisi (COVID-QU-Ex),D2,F64_P32k2_G32,odakli,6147,0,0.9523903574103236,0.9484444354351732,0.9563832220431192,6788,10.0,0.01,0.001,,2.829207129906308e-06,7.675502125556737,23.73361040011514,
akciğer grafisi (COVID-QU-Ex),C,F64_P32k2_G32,odakli,6144,0,0.9356564587843654,0.9310501989081352,0.9400054446612756,6788,42.0,1,0.001,,1.2925929526730329e-06,17.19158563553417,53.7312576000113,
akciğer grafisi (COVID-QU-Ex),D,F32_G16,odakli,1283,0,0.9152236290768516,0.9094549572134868,0.9207165265383308,6788,21.0,0.01,0.001,,6.075506560065946e-07,8.108032055302294,25.059086900088005,
akciğer grafisi (COVID-QU-Ex),D2,F32_G16,odakli,1283,0,0.9517030926236104,0.947603189848307,0.9556959923256284,6788,15.0,0.01,0.001,,1.940283825607736e-06,7.516554640350484,26.2206325000152,
akciğer grafisi (COVID-QU-Ex),C,F32_G16,odakli,1280,0,0.9267253831653882,0.9213600759119172,0.932182994935687,6788,24.0,0.01,0.001,,1.7103264737805546e-06,33.933103005805314,46.84520770004019,
akciğer grafisi (COVID-QU-Ex),D,F64,odakli,4099,0,0.9004241536984444,0.8944544343434144,0.9061669634961388,6788,13.0,0.0001,0.001,,1.1168949480833137e-06,14.26217895003711,21.592864700010978,
akciğer grafisi (COVID-QU-Ex),D2,F64,odakli,4099,0,0.9461400494540328,0.941774640913305,0.9501068170605376,6788,11.0,0.01,0.001,,2.802182201833148e-06,7.783430465663497,24.09585640009027,
akciğer grafisi (COVID-QU-Ex),C,F64,odakli,4096,0,0.9204400855304276,0.9146126358192336,0.92538935936592,6788,39.0,0.0001,0.001,,1.836509983199619e-06,26.544636162874085,36.73633109999355,
akciğer grafisi (COVID-QU-Ex),D,sabit,sabit,0,0,0.5,0.5,0.5,6788,5.0,1,0.001,,5.2429690311495145e-09,0.0,17.132809999980964,
akciğer grafisi (COVID-QU-Ex),D2,sabit,sabit,0,0,0.5,0.5,0.5,6788,7.0,1,0.001,,3.298021356012981e-09,0.0,27.680871200049296,
beyin MR (Cheng),D,U512,tam_orijinal,262144,1,0.8734622760365348,0.8453782669361933,0.8971210732977424,3064,14.6,100/100/10/100/100,0.0001/0.001/0.001/0.0001/0.0001,,1.164255150065685e-06,134.61021291279476,182.08710320002865,0.8783094391398383
beyin MR (Cheng),D,U512,tam_orijinal,262144,2,0.8829207840503583,0.8553289421621012,0.906172221412854,3064,22.8,100/100/100/100/100,0.001/0.001/0.0001/0.0001/0.0001,,6.515861667999445e-07,163.97509208340406,186.1300593001069,0.8835797255642787
beyin MR (Cheng),D,U512,tam_orijinal,262144,3,0.8839671994955168,0.8553295030942979,0.9073360527570818,3064,21.0,100/100/100/100/100,0.0001/0.001/0.0001/0.0001/0.0001,,8.608630057693745e-07,171.4869646513608,173.09907749993727,0.8854587654709866
beyin MR (Cheng),D,U512,tam_orijinal,262144,4,0.8837433472221847,0.8564835158538139,0.9059219050123066,3064,16.2,100/100/100/100/100,0.0001/0.001/0.0001/0.001/0.0001,,1.006487065691175e-06,192.49536869951007,187.0995702999644,0.8865718323256292
beyin MR (Cheng),D2,U512,tam_orijinal,262144,1,0.8687366830302272,0.8471312850029175,0.8916597886807858,3064,14.0,1/0.0001/0.01/0.0001/1,0.001/0.001/0.001/0.001/0.001,,3.891430811364671e-06,7.150362971933285,55.77442959998734,0.8710069623322877
beyin MR (Cheng),D2,U512,tam_orijinal,262144,2,0.8720238644527437,0.8506881473809412,0.8928489820861466,3064,27.8,1/1/1/1/1,0.001/0.001/0.001/0.001/0.001,,3.3845386937514377e-06,6.599482480244321,70.6177214999916,0.8725095092709753
beyin MR (Cheng),D2,U512,tam_orijinal,262144,3,0.8715687030374552,0.8488432601809696,0.8928165607316915,3064,15.6,1/1/0.0001/0.0001/0.0001,0.001/0.001/0.001/0.001/0.001,,1.886944033913096e-06,8.399191083324615,57.94705760001671,0.8739835949910091
beyin MR (Cheng),D2,U512,tam_orijinal,262144,4,0.8652425417186004,0.8408151821561868,0.8884080089126662,3064,16.0,1/0.01/0.0001/0.01/0.01,0.001/0.001/0.001/0.001/0.001,,5.22279281067739e-06,7.598597299085986,57.94782959995791,0.8670724875563754
beyin MR (Cheng),C,U512,tam_orijinal,262144,1,0.8558688553300081,0.8315849154655733,0.8785498759310028,3064,8.0,1/1/1/1/1,0.001/0.001/0.001/0.001/0.001,,5.321801317847985e-06,34.17621810476631,60.827250899979845,0.8611985201573351
beyin MR (Cheng),C,U512,tam_orijinal,262144,2,0.8616343708635302,0.837153190835297,0.8855363113289614,3064,9.0,1/1/1/1/1,0.001/0.001/0.001/0.001/0.001,,6.4470960801088495e-06,27.633796768523062,65.48115170001984,0.867046788716563
beyin MR (Cheng),C,U512,tam_orijinal,262144,3,0.8519072756821005,0.8252135328670157,0.876301688546954,3064,7.4,1/1/1/1/1,0.001/0.001/0.001/0.001/0.001,,5.705689017254656e-06,42.79282006787766,60.679184500011615,0.854439660882635
beyin MR (Cheng),C,U512,tam_orijinal,262144,4,0.8483490635008374,0.8247227683563665,0.8712395607475889,3064,7.2,1/1/1/1/1,0.001/0.001/0.001/0.001/0.001,,5.3669849267024006e-06,39.27077880769812,61.71156029996928,0.8541254461654783
beyin MR (Cheng),D,F32_G16,odakli,1283,1,0.9476260548946142,0.9277408250645672,0.9641475121717352,3064,17.2,10/10/10/10/10,0.001/0.001/0.001/0.001/0.001,,8.130639601588996e-07,14.452767573265824,10.775259700021708,0.9502718440281466
beyin MR (Cheng),D,F32_G16,odakli,1283,2,0.946896388382232,0.9273018013900324,0.9628214834021924,3064,17.6,10/10/10/10/10,0.001/0.001/0.001/0.001/0.001,,8.064615846237189e-07,15.621909928713452,11.1395751000382,0.9497124786834747
beyin MR (Cheng),D,F32_G16,odakli,1283,3,0.9489860366644812,0.9298699291340404,0.9644079282584498,3064,23.6,10/10/10/10/10,0.001/0.001/0.001/0.001/0.001,,8.154381787583986e-07,13.08300981495843,11.782624799991028,0.9510260044317425
beyin MR (Cheng),D,F32_G16,odakli,1283,4,0.9490586304447328,0.9302245175029892,0.964445680697572,3064,20.2,10/10/10/10/10,0.001/0.001/0.001/0.001/0.001,,1.0575630815523596e-06,13.550745278174231,11.305224900017492,0.9511487462267084
beyin MR (Cheng),D2,F32_G16,odakli,1283,1,0.912016985822,0.8896206233621247,0.930899344184496,3064,39.8,1/0.01/1/1/1,0.001/0.001/0.001/0.001/0.001,,2.8450475522134866e-06,8.432076923944962,16.433922500000335,0.9122756015550784
beyin MR (Cheng),D2,F32_G16,odakli,1283,2,0.9028628237216136,0.8810963473956448,0.9226982763947889,3064,20.4,1/0.0001/1/1/1,0.001/0.001/0.001/0.001/0.001,,1.508114592319032e-06,6.819641928418956,15.04090569994878,0.9028496307441646
beyin MR (Cheng),D2,F32_G16,odakli,1283,3,0.9061238168009386,0.882457843181534,0.9249407691490938,3064,21.6,1/1/1/1/1,0.001/0.001/0.001/0.001/0.001,,1.792675957901224e-06,6.867027116781881,13.977403199998662,0.9073018829011148
beyin MR (Cheng),D2,F32_G16,odakli,1283,4,0.9046616000373512,0.8841149911800767,0.9231935437924096,3064,19.4,1/0.01/1/1/1,0.001/0.001/0.001/0.001/0.001,,2.2030799708971927e-06,6.991414586598597,12.474608100019395,0.9044942306025904
beyin MR (Cheng),C,F32_G16,odakli,1280,1,0.9389259241874574,0.923551217012557,0.9529486725053666,3064,45.0,1/1/1/1/1,0.001/0.001/0.001/0.001/0.001,,2.61886801666833e-06,59.16330489768587,22.1745117000537,0.9417571798339468
beyin MR (Cheng),C,F32_G16,odakli,1280,2,0.9365198029419276,0.9225102453427624,0.9505697453879166,3064,41.4,1/1/1/1/1,0.001/0.001/0.001/0.001/0.001,,2.4575535966242512e-06,50.958850215826416,20.94716330000665,0.9385632776538604
beyin MR (Cheng),C,F32_G16,odakli,1280,3,0.944300719623682,0.9296120505941096,0.9589561171136682,3064,54.2,1/1/1/1/1,0.001/0.001/0.001/0.001/0.001,,3.3335313291971147e-06,40.851067701340455,21.587901700055227,0.9475774112998756
beyin MR (Cheng),C,F32_G16,odakli,1280,4,0.9483420781563388,0.9327848411007365,0.9629383785574436,3064,48.0,1/1/1/1/1,0.001/0.001/0.001/0.001/0.001,,3.164164999347463e-06,48.93201259287024,22.002349300077185,0.950691783006669
beyin MR (Cheng),D,F64_G32,odakli,5123,1,0.9471266965538953,0.92853402926537,0.9623642675918208,3064,7.2,10/10/10/10/10,0.001/0.001/0.001/0.001/0.001,,8.555477162275338e-07,17.81489062208485,11.14079049997963,0.9493496694950426
beyin MR (Cheng),D,F64_G32,odakli,5123,2,0.9429979704472992,0.9204416250869452,0.9605788323188478,3064,14.8,10/10/10/10/10,0.001/0.001/0.001/0.001/0.001,,1.438082497529081e-06,24.02727481059215,12.024437900050543,0.9443949663355288
beyin MR (Cheng),D,F64_G32,odakli,5123,3,0.9443465482909156,0.9247998070812938,0.9610060723305166,3064,12.4,10/10/10/10/10,0.001/0.001/0.001/0.001/0.001,,1.1628815475006604e-06,17.409181248848938,11.111518399906345,0.9459545227253816
beyin MR (Cheng),D,F64_G32,odakli,5123,4,0.945712316912365,0.9267197915779491,0.9615500896579444,3064,14.2,10/10/10/10/10,0.001/0.001/0.001/0.001/0.001,,1.2428366300554217e-06,19.14720921671965,12.56338659999892,0.94759354095689
beyin MR (Cheng),D2,F64_G32,odakli,5123,1,0.9030987610009484,0.8804491320911062,0.9259926437241724,3064,13.8,0.0001/0.01/0.01/1/0.01,0.001/0.001/0.001/0.001/0.001,,1.7166395389622835e-06,8.734547467514961,12.441430400009269,0.9064758208232796
beyin MR (Cheng),D2,F64_G32,odakli,5123,2,0.9098712089905688,0.8896569811203807,0.928722052602981,3064,15.0,0.0001/0.0001/1/1/1,0.001/0.001/0.001/0.001/0.001,,2.934012244715234e-06,7.365838544012904,12.835627399967052,0.910570850050877
beyin MR (Cheng),D2,F64_G32,odakli,5123,3,0.9130533201953694,0.890594599084044,0.9315120579405712,3064,12.8,1/0.0001/1/1/1,0.001/0.001/0.001/0.001/0.001,,1.7400760725649889e-06,6.979804780469121,11.898962800041772,0.9126511846657372
beyin MR (Cheng),D2,F64_G32,odakli,5123,4,0.915822868945812,0.8952748347733028,0.9349261468720592,3064,23.2,1/1/1/1/1,0.001/0.001/0.001/0.001/0.001,,1.774815316935019e-06,6.680219940541313,13.421814800007269,0.9171767118502449
beyin MR (Cheng),C,F64_G32,odakli,5120,1,0.9478165326920588,0.931790990306073,0.9624396682745548,3064,47.4,1/1/1/1/1,0.001/0.001/0.001/0.001/0.001,,2.037230585116845e-06,50.77881941831336,20.78941169998143,0.9502825837031554
beyin MR (Cheng),C,F64_G32,odakli,5120,2,0.9082071076456066,0.8865921153607559,0.9293369778030174,3064,14.4,10/1/1/1/1,0.001/0.001/0.001/0.001/0.001,,1.8225801454718749e-06,85.90674818952404,14.088829700020142,0.913988941936226
beyin MR (Cheng),C,F64_G32,odakli,5120,3,0.9241979915324352,0.9028052381979454,0.943234902413888,3064,22.2,1/1/1/1/1,0.001/0.001/0.001/0.001/0.001,,2.4002614971152525e-06,69.73262199875239,16.19895750004798,0.9273518735959088
beyin MR (Cheng),C,F64_G32,odakli,5120,4,0.9309499259668544,0.9122066353002108,0.9484818623317748,3064,33.4,1/1/1/1/1,0.001/0.001/0.001/0.001/0.001,,2.092794952446297e-06,61.019055363352194,18.815304500050843,0.9350128743788164
beyin MR (Cheng),D,U64,es_ornekli,4096,1,0.8821150901769537,0.8524892916452665,0.9058621695630196,3064,6.8,10/10/10/10/10,0.001/0.001/0.001/0.001/0.001,,8.082357307870325e-07,19.398331457118463,10.691539800027384,0.8853415627967115
beyin MR (Cheng),D,U64,es_ornekli,4096,2,0.8794799503890421,0.8513654594390733,0.9027178944998302,3064,8.6,10/10/10/10/10,0.001/0.001/0.001/0.001/0.001,,1.1191552520273262e-06,9.092153508433208,9.11816449998878,0.8809078009144328
beyin MR (Cheng),D,U64,es_ornekli,4096,3,0.8830764639324206,0.8556281422172715,0.9061169752173344,3064,11.8,10/10/10/10/10,0.001/0.001/0.001/0.001/0.001,,8.662357569022561e-07,14.238816457978633,9.379598899977282,0.8858847346924874
beyin MR (Cheng),D,U64,es_ornekli,4096,4,0.8841595924867671,0.8568550030757508,0.9064424091876174,3064,10.0,10/10/10/10/10,0.001/0.001/0.001/0.001/0.001,,1.0573388573575926e-06,16.26339391493289,9.305910199997015,0.8879015546958309
beyin MR (Cheng),D2,U64,es_ornekli,4096,1,0.8673636884173307,0.8435028112794417,0.8902327897130886,3064,6.8,1/1/0.0001/0.0001/0.0001,0.001/0.001/0.001/0.001/0.001,,1.4705181015095548e-06,7.107096369315861,9.671205900027417,0.8703537793733365
beyin MR (Cheng),D2,U64,es_ornekli,4096,2,0.8556291594032461,0.8292784742768274,0.8796242719195938,3064,5.8,0.01/0.0001/1/0.0001/0.0001,0.001/0.001/0.001/0.001/0.001,,1.1468540623837953e-06,6.1877641940879045,9.162833300069906,0.8578078558877111
beyin MR (Cheng),D2,U64,es_ornekli,4096,3,0.8666696137306324,0.839218724349129,0.891173106170654,3064,5.2,1/0.01/0.0001/0.0001/0.0001,0.001/0.001/0.001/0.001/0.001,,1.3096872195639264e-06,7.279465159408853,8.575528600020334,0.8694136275266608
beyin MR (Cheng),D2,U64,es_ornekli,4096,4,0.8651379133944901,0.8392475211888561,0.888564105945973,3064,6.0,1/1/0.0001/0.01/0.0001,0.001/0.001/0.001/0.001/0.001,,1.3883096112721205e-06,6.657278326653049,8.832783599966206,0.8667033103627503
beyin MR (Cheng),C,U64,es_ornekli,4096,1,0.8416863047916605,0.8183013308732694,0.8645794628844433,3064,7.0,1/1/1/1/1,0.001/0.001/0.001/0.001/0.001,,1.626999765136361e-06,35.99764055286688,10.33072089997586,0.8473847573598082
beyin MR (Cheng),C,U64,es_ornekli,4096,2,0.8431840511106469,0.81586669308666,0.8665228068595624,3064,9.6,1/1/1/1/1,0.001/0.001/0.001/0.001/0.001,,2.037655271180938e-06,48.858439411032,10.769663500017488,0.8540879321325591
beyin MR (Cheng),C,U64,es_ornekli,4096,3,0.8612745961020356,0.8347264725261773,0.8863423543468939,3064,6.8,1/1/1/1/1,0.001/0.001/0.001/0.001/0.001,,1.331504084767232e-06,29.277108955355,10.284630800015291,0.868508047352735
beyin MR (Cheng),C,U64,es_ornekli,4096,4,0.8461188925989234,0.8195918580850586,0.872116720802448,3064,5.4,1/1/1/1/1,0.001/0.001/0.001/0.001/0.001,,1.2571708385422653e-06,45.08226250035902,9.833753800019622,0.8520670309987567
akciğer grafisi (COVID-QU-Ex),D,U256,tam_orijinal,65536,1,0.8929077416210753,0.8866278563941475,0.8988910683774589,6788,5.0,0.0001,0.001,,1.314121510831434e-06,29.75927059634732,30.68449629994575,
akciğer grafisi (COVID-QU-Ex),D,U256,tam_orijinal,65536,2,0.8856040786743677,0.8790706270689221,0.8916058772479253,6788,7.0,0.0001,0.001,,2.8946717283151457e-06,58.96379211607484,27.78711029991973,
akciğer grafisi (COVID-QU-Ex),D,U256,tam_orijinal,65536,3,0.8988143138370784,0.8921970889613307,0.9047532549892244,6788,15.0,0.01,0.001,,7.035990629233879e-06,252.9130544333846,38.58848300005775,
akciğer grafisi (COVID-QU-Ex),D,U256,tam_orijinal,65536,4,0.8978523185997106,0.8918968932216049,0.9038579029092284,6788,16.0,0.0001,0.001,,5.716364836039212e-06,100.43008435768628,31.54422299994621,
akciğer grafisi (COVID-QU-Ex),D2,U256,tam_orijinal,65536,1,0.9469932327934204,0.9427475067319168,0.9511811319213528,6788,19.0,0.01,0.001,,3.2423462972275274e-06,7.721891677114225,45.88211139990017,
akciğer grafisi (COVID-QU-Ex),D2,U256,tam_orijinal,65536,2,0.9442046309985982,0.9397135320698878,0.9486220879207906,6788,14.0,0.01,0.001,,4.480590258815198e-06,10.445567732669543,45.187023899983615,
akciğer grafisi (COVID-QU-Ex),D2,U256,tam_orijinal,65536,3,0.9469728223535469,0.9427001768557862,0.9511664171518904,6788,20.0,0.01,0.001,,2.320106723630033e-06,7.384635285403836,54.6571571000386,
akciğer grafisi (COVID-QU-Ex),D2,U256,tam_orijinal,65536,4,0.9455423379489508,0.941224073517224,0.949560956972073,6788,19.0,0.01,0.001,,2.952870375771965e-06,7.444542332173325,49.98960060009267,
akciğer grafisi (COVID-QU-Ex),C,U256,tam_orijinal,65536,1,0.9146035607305356,0.909082251759936,0.919907358613912,6788,9.0,0.0001,0.001,,4.606766114356731e-06,39.45966829845212,32.80536839994602,
akciğer grafisi (COVID-QU-Ex),C,U256,tam_orijinal,65536,2,0.9336206387387196,0.9288562341032582,0.9380860500816036,6788,20.0,0.01,0.001,,3.1823442441236693e-06,16.421748949144096,60.87172459997237,
akciğer grafisi (COVID-QU-Ex),C,U256,tam_orijinal,65536,3,0.926314459789601,0.9212735499889936,0.9310124474809582,6788,22.0,0.01,0.001,,5.78191126443528e-06,22.04274010229385,44.36452199995984,
akciğer grafisi (COVID-QU-Ex),C,U256,tam_orijinal,65536,4,0.9164842192479292,0.911139129579181,0.9220049372129984,6788,10.0,0.01,0.001,,3.009171426260337e-06,25.723069117251857,36.20125959999859,
akciğer grafisi (COVID-QU-Ex),D,F32_G16,odakli,1283,1,0.9165719728518944,0.910956386411358,0.921924837657246,6788,21.0,0.0001,0.001,,6.031013410900954e-07,5.514993121310409,27.362909300019965,
akciğer grafisi (COVID-QU-Ex),D,F32_G16,odakli,1283,2,0.9165578717475787,0.9103630892363758,0.921929893658802,6788,32.0,0.0001,0.001,,6.123279598924114e-07,6.775728558604534,29.64635510009248,
akciğer grafisi (COVID-QU-Ex),D,F32_G16,odakli,1283,3,0.9132883472687844,0.9075886615095096,0.9189379921953548,6788,15.0,0.0001,0.001,,9.637609235113589e-07,6.272477357956647,21.51761390001048,
akciğer grafisi (COVID-QU-Ex),D,F32_G16,odakli,1283,4,0.9137199108125124,0.9079964260391584,0.919063181999067,6788,24.0,0.01,0.001,,6.944924528795582e-07,5.83455498859378,25.60338970005978,
akciğer grafisi (COVID-QU-Ex),D2,F32_G16,odakli,1283,1,0.95633861352457,0.9525969884984692,0.9599513618283896,6788,17.0,0.01,0.001,,1.6501678397062849e-06,8.100161268533704,28.50123579998035,
akciğer grafisi (COVID-QU-Ex),D2,F32_G16,odakli,1283,2,0.9545313775053978,0.9505689905964056,0.9585752277097735,6788,14.0,0.01,0.001,,2.288883100387551e-06,8.612985335896957,27.44472999998834,
akciğer grafisi (COVID-QU-Ex),D2,F32_G16,odakli,1283,3,0.9543011334641364,0.9499958739840654,0.9583797977258202,6788,21.0,0.01,0.001,,2.375693331835293e-06,7.904299495215458,27.042322300025265,
akciğer grafisi (COVID-QU-Ex),D2,F32_G16,odakli,1283,4,0.9543822771491348,0.9503293155872028,0.9580956195179722,6788,13.0,0.01,0.001,,1.849702002232334e-06,8.589186977903163,26.331515399971977,
akciğer grafisi (COVID-QU-Ex),C,F32_G16,odakli,1280,1,0.9328401662976984,0.9278994375163137,0.9376270257289342,6788,19.0,0.01,0.001,,2.58354544513395e-06,59.60107765522068,36.48164110002108,
akciğer grafisi (COVID-QU-Ex),C,F32_G16,odakli,1280,2,0.9305305000599494,0.9255378349383068,0.9356332308539494,6788,33.0,0.0001,0.001,,2.844039522997832e-06,35.21470279933665,49.95704679994378,
akciğer grafisi (COVID-QU-Ex),C,F32_G16,odakli,1280,3,0.9301713343007706,0.925107067968582,0.935372374028318,6788,21.0,0.01,0.001,,1.9340010721791145e-06,29.91274223445529,50.18995629996061,
akciğer grafisi (COVID-QU-Ex),C,F32_G16,odakli,1280,4,0.9297519917332484,0.9249824811502804,0.934793920427602,6788,24.0,0.01,0.001,,3.4775665076480777e-06,50.00754851332089,60.02323030005209,
akciğer grafisi (COVID-QU-Ex),D,F64_G32,odakli,5123,1,0.913103873635834,0.907189253192729,0.9182894461772116,6788,21.0,0.0001,0.001,,2.384180361136856e-06,22.75215547424473,25.57810420007445,
akciğer grafisi (COVID-QU-Ex),D,F64_G32,odakli,5123,2,0.9135358605450044,0.9077685857568574,0.9193717732599702,6788,18.0,0.01,0.001,,1.3309401777350516e-06,14.080681051687868,21.97830439999234,
akciğer grafisi (COVID-QU-Ex),D,F64_G32,odakli,5123,3,0.9166588421422226,0.9108815154038484,0.922172935710594,6788,36.0,0.01,0.001,,1.3624646630905346e-06,26.21504197010428,36.093380300095305,
akciğer grafisi (COVID-QU-Ex),D,F64_G32,odakli,5123,4,0.9165747059487336,0.9107758501720506,0.9217145341059249,6788,20.0,0.01,0.001,,1.0053930132869482e-06,17.125086652500507,28.22760119999293,
akciğer grafisi (COVID-QU-Ex),D2,F64_G32,odakli,5123,1,0.9527217865912476,0.948892759066396,0.9564152931406922,6788,29.0,1,0.001,,1.4078390222493908e-06,3.262600545019969,27.30597760004457,
akciğer grafisi (COVID-QU-Ex),D2,F64_G32,odakli,5123,2,0.9506479364282489,0.9466566310005152,0.9546763154992326,6788,12.0,0.01,0.001,,3.563760323288534e-06,9.03928989504331,23.416937100002546,
akciğer grafisi (COVID-QU-Ex),D2,F64_G32,odakli,5123,3,0.9528345214091098,0.949115138166418,0.9568686883341038,6788,15.0,0.01,0.001,,2.058439392438327e-06,8.642028520004834,24.318918799981475,
akciğer grafisi (COVID-QU-Ex),D2,F64_G32,odakli,5123,4,0.9528274674494632,0.9488823360642008,0.9568911546182516,6788,10.0,0.01,0.001,,2.726566271427089e-06,8.74362959424197,20.91664159996435,
akciğer grafisi (COVID-QU-Ex),C,F64_G32,odakli,5120,1,0.933963906754756,0.9286895515599878,0.9385530213386156,6788,22.0,1,0.001,,9.954683481971929e-07,28.17470607813874,43.81177640007809,
akciğer grafisi (COVID-QU-Ex),C,F64_G32,odakli,5120,2,0.9349821338014062,0.9302269483568332,0.9391267030674272,6788,22.0,0.01,0.001,,3.2767054878313218e-06,44.84024146087174,39.97444909997285,
akciğer grafisi (COVID-QU-Ex),C,F64_G32,odakli,5120,3,0.9369476261237604,0.9321004757891668,0.9414988342779752,6788,34.0,0.01,0.001,,3.28879263555848e-06,59.24688840228514,53.879186199978,
akciğer grafisi (COVID-QU-Ex),C,F64_G32,odakli,5120,4,0.9326820950996678,0.92756366567225,0.9368686315072215,6788,24.0,0.01,0.001,,1.780024925235324e-06,35.57376013861694,50.52050189999864,
akciğer grafisi (COVID-QU-Ex),D,U64,es_ornekli,4096,1,0.8661962393420168,0.8589959517173664,0.8728372784067806,6788,21.0,0.0001,0.001,,9.44477430264712e-07,17.01482752696466,20.92765840003267,
akciğer grafisi (COVID-QU-Ex),D,U64,es_ornekli,4096,2,0.862855501699828,0.8559591476866609,0.8696014914930136,6788,6.0,0.0001,0.001,,4.848657688683033e-07,9.017794438644826,14.284021699917504,
akciğer grafisi (COVID-QU-Ex),D,U64,es_ornekli,4096,3,0.8647946323240302,0.8572928822793892,0.8714535045733669,6788,15.0,0.0001,0.001,,7.309252549880796e-07,20.59343778705863,20.10757300001569,
akciğer grafisi (COVID-QU-Ex),D,U64,es_ornekli,4096,4,0.8654616574939308,0.8582076298169266,0.8723012032202798,6788,16.0,0.0001,0.001,,7.525407643704796e-07,15.610237972321915,20.740341499913484,
akciğer grafisi (COVID-QU-Ex),D2,U64,es_ornekli,4096,1,0.9390274796780697,0.9345089196358544,0.9435677678312298,6788,12.0,0.01,0.001,,1.3518961585745617e-06,8.081632243054928,23.882228999980725,
akciğer grafisi (COVID-QU-Ex),D2,U64,es_ornekli,4096,2,0.9349933362052304,0.9306839648188776,0.9399534212207497,6788,12.0,0.01,0.001,,1.8895607301061543e-06,6.935431337153807,21.59388490009588,
akciğer grafisi (COVID-QU-Ex),D2,U64,es_ornekli,4096,3,0.9389732209192916,0.9342242044210184,0.943381374672264,6788,10.0,0.01,0.001,,4.233992423330335e-06,6.943458020401433,28.14155350008513,
akciğer grafisi (COVID-QU-Ex),D2,U64,es_ornekli,4096,4,0.9386968597904882,0.9337779029782862,0.9431727020904936,6788,11.0,0.01,0.001,,2.161121425814372e-06,8.16662789314437,28.771718500065617,
akciğer grafisi (COVID-QU-Ex),C,U64,es_ornekli,4096,1,0.9112373862078856,0.9054759615028936,0.916863326198801,6788,32.0,1,0.001,,8.948182803614202e-07,10.78681492276935,35.057303500012495,
akciğer grafisi (COVID-QU-Ex),C,U64,es_ornekli,4096,2,0.9201295488317922,0.914139569347539,0.9251699876201795,6788,29.0,0.01,0.001,,2.2022787939945943e-06,36.5908006356075,38.94988209998701,
akciğer grafisi (COVID-QU-Ex),C,U64,es_ornekli,4096,3,0.9190537669587584,0.9133109196705668,0.9239466648369684,6788,28.0,1,0.001,,1.0895921414011411e-06,16.42458816072308,35.211808799998835,
akciğer grafisi (COVID-QU-Ex),C,U64,es_ornekli,4096,4,0.9199462455629094,0.914558123172671,0.9250465575342468,6788,32.0,0.01,0.001,,2.458787617509728e-06,38.11834266152555,51.982064999989234,
beyin MR (Cheng),D,U64_pencere,es_ornekli_geometri,4099,0,0.8802790038469279,0.8531639407618394,0.9020963049322488,3064,9.0,10/10/10/10/10,0.001/0.001/0.001/0.001/0.001,,8.261755901628476e-07,10.657900656427534,9.68243479996454,0.88456408598138
beyin MR (Cheng),D,U64_pencere,es_ornekli_geometri,4099,1,0.8842255403282181,0.8571680536433095,0.9072193204258714,3064,8.4,10/10/10/10/10,0.001/0.001/0.001/0.001/0.001,,9.193225931625192e-07,11.402668909804603,9.416994199971668,0.8853711269598712
beyin MR (Cheng),D,U64_pencere,es_ornekli_geometri,4099,2,0.8787808453826448,0.8502541886666066,0.9020788896160348,3064,8.6,10/10/10/10/10,0.001/0.001/0.001/0.001/0.001,,2.054581017318924e-06,15.739986051703385,9.541332800057717,0.8820698665273111
beyin MR (Cheng),D,U64_pencere,es_ornekli_geometri,4099,3,0.8850144588178978,0.8566782454445865,0.9080725621027704,3064,8.2,10/10/10/10/10,0.001/0.001/0.001/0.001/0.001,,1.0280819653374351e-06,16.414924732556745,9.720088300062343,0.8887283981049363
beyin MR (Cheng),D,U64_pencere,es_ornekli_geometri,4099,4,0.8797346159021977,0.8522277396647847,0.9030893075951848,3064,13.8,10/10/10/10/10,0.001/0.001/0.001/0.001/0.001,,1.2102075865882966e-06,17.11505579999265,10.086370300035924,0.8840374898801875
beyin MR (Cheng),D2,U64_pencere,es_ornekli_geometri,4099,0,0.8495636779603624,0.8210551848116252,0.8755804745610978,3064,10.6,0.01/1/0.0001/0.0001/0.0001,0.001/0.001/0.001/0.001/0.001,,1.7165485282077952e-06,6.938202783915849,9.838932999991812,0.8509465509704658
beyin MR (Cheng),D2,U64_pencere,es_ornekli_geometri,4099,1,0.86921119771594,0.8446943044236069,0.890422298657637,3064,6.6,1/1/0.01/0.0001/0.0001,0.001/0.001/0.001/0.001/0.001,,1.599641821226072e-06,7.755056783513363,9.966802500071935,0.8704403556003681
beyin MR (Cheng),D2,U64_pencere,es_ornekli_geometri,4099,2,0.8539406331445866,0.8268875804706154,0.8773083729725184,3064,9.0,0.0001/1/0.0001/0.0001/0.0001,0.001/0.001/0.001/0.001/0.001,,1.3679060519855568e-06,7.2120234853293566,10.5926821999019,0.8585545814860212
beyin MR (Cheng),D2,U64_pencere,es_ornekli_geometri,4099,3,0.8599359933648026,0.834587826362757,0.8805226982919291,3064,10.8,1/1/0.01/0.0001/0.01,0.001/0.001/0.001/0.001/0.001,,1.544502243211454e-06,7.023436191069187,12.013596400036477,0.8630601415491993
beyin MR (Cheng),D2,U64_pencere,es_ornekli_geometri,4099,4,0.8693103142085464,0.8444154226612827,0.8931149125859282,3064,6.0,0.01/0.0001/1/0.0001/0.0001,0.001/0.001/0.001/0.001/0.001,,1.1933926264973138e-06,8.418588364550795,10.02048189996276,0.871973241878468
beyin MR (Cheng),C,U64_pencere,es_ornekli_geometri,4099,0,0.855124665039683,0.8290292260367345,0.8783588842492379,3064,6.0,1/1/1/1/1,0.001/0.001/0.001/0.001/0.001,,1.6523342409868746e-06,38.43151120854879,12.132317700074054,0.863905338636911
beyin MR (Cheng),C,U64_pencere,es_ornekli_geometri,4099,1,0.8421232288296524,0.8179824376584034,0.8656247255029358,3064,8.6,1/1/1/1/1,0.001/0.001/0.001/0.001/0.001,,1.6651579946014294e-06,49.10132918363763,12.842252200003712,0.8481374989717742
beyin MR (Cheng),C,U64_pencere,es_ornekli_geometri,4099,2,0.8501849086795928,0.822798345811219,0.8756053048020241,3064,9.6,1/1/1/1/1,0.001/0.001/0.001/0.001/0.001,,1.3844428217169025e-06,40.762672177498345,12.231748800026253,0.8608449223605277
beyin MR (Cheng),C,U64_pencere,es_ornekli_geometri,4099,3,0.8600258152841548,0.833271563797566,0.8843760318814662,3064,9.4,1/1/1/1/1,0.001/0.001/0.001/0.001/0.001,,1.814947875544704e-06,30.28226556171133,12.422390999970958,0.8665554609791244
beyin MR (Cheng),C,U64_pencere,es_ornekli_geometri,4099,4,0.848562533253472,0.823019063139179,0.8739198452798396,3064,8.8,1/1/1/1/1,0.001/0.001/0.001/0.001/0.001,,1.6383794889662795e-06,53.12356073671538,11.53223670006264,0.8550675286424614
akciğer grafisi (COVID-QU-Ex),D,U64_pencere,es_ornekli_geometri,4099,0,0.8694366002825117,0.8626193175130183,0.87584487736842,6788,33.0,0.0001,0.001,,9.868277380808976e-07,15.673039922446918,32.102818300016224,
akciğer grafisi (COVID-QU-Ex),D,U64_pencere,es_ornekli_geometri,4099,1,0.8686986615308278,0.8614550328117975,0.875583580714623,6788,21.0,0.0001,0.001,,1.1265548258698743e-06,15.35340168851447,22.58961290004663,
akciğer grafisi (COVID-QU-Ex),D,U64_pencere,es_ornekli_geometri,4099,2,0.8649777547919862,0.8578422040486142,0.8717757234552478,6788,6.0,0.0001,0.001,,4.205191422856913e-07,11.497517677551594,15.380414299899712,
akciğer grafisi (COVID-QU-Ex),D,U64_pencere,es_ornekli_geometri,4099,3,0.867503972433615,0.8602458730983288,0.8744941025541175,6788,15.0,0.0001,0.001,,6.753964649774957e-07,26.665580621095945,21.72696589992848,
akciğer grafisi (COVID-QU-Ex),D,U64_pencere,es_ornekli_geometri,4099,4,0.8662849644334173,0.8593601069714716,0.873129118981755,6788,16.0,0.0001,0.001,,9.40019031059336e-07,13.68520899959157,23.12160080007743,
akciğer grafisi (COVID-QU-Ex),D2,U64_pencere,es_ornekli_geometri,4099,0,0.9395067075728664,0.934962507094608,0.943867146184182,6788,12.0,0.01,0.001,,2.472012527121592e-06,9.28946556933334,27.58121219999157,
akciğer grafisi (COVID-QU-Ex),D2,U64_pencere,es_ornekli_geometri,4099,1,0.9358314952736824,0.9311772133302652,0.94038745709875,6788,8.0,0.01,0.001,,1.8198510911560104e-06,7.472680127303603,26.31819790008012,
akciğer grafisi (COVID-QU-Ex),D2,U64_pencere,es_ornekli_geometri,4099,2,0.9365500581609136,0.9318330763181102,0.9413673738532344,6788,12.0,0.01,0.001,,1.552340624488835e-06,8.206199677541308,26.56136640009936,
akciğer grafisi (COVID-QU-Ex),D2,U64_pencere,es_ornekli_geometri,4099,3,0.9380531235230354,0.9336102194151166,0.9423292981440744,6788,10.0,0.01,0.001,,1.7007032990790094e-06,6.63812053526066,27.6073788999347,
akciğer grafisi (COVID-QU-Ex),D2,U64_pencere,es_ornekli_geometri,4099,4,0.9371540223099664,0.9329055409425082,0.9417121918732968,6788,12.0,0.0001,0.001,,1.948543246199641e-06,7.431012507292511,26.06234720000066,
akciğer grafisi (COVID-QU-Ex),C,U64_pencere,es_ornekli_geometri,4099,0,0.9224286000567083,0.9164713749796324,0.9273583663725888,6788,29.0,0.01,0.001,,2.2532957864029868e-06,30.87445804619658,37.9657986999955,
akciğer grafisi (COVID-QU-Ex),C,U64_pencere,es_ornekli_geometri,4099,1,0.9102388861516686,0.9043855971059254,0.9162703011328388,6788,22.0,0.01,0.001,,1.5665193648928266e-06,17.986665902451634,31.59331439994276,
akciğer grafisi (COVID-QU-Ex),C,U64_pencere,es_ornekli_geometri,4099,2,0.9222888261790192,0.9167813691520524,0.9270755966851372,6788,29.0,0.01,0.001,,2.33901257096214e-06,36.94168641758529,37.00481250009034,
akciğer grafisi (COVID-QU-Ex),C,U64_pencere,es_ornekli_geometri,4099,3,0.9170159636142202,0.9107782229064,0.9221411284724736,6788,27.0,1,0.001,,7.9381749795715e-07,18.301901561271556,40.68719430000056,
akciğer grafisi (COVID-QU-Ex),C,U64_pencere,es_ornekli_geometri,4099,4,0.9209653562079011,0.9153504656248643,0.9259847014765378,6788,49.0,0.01,0.001,,1.7412627499879818e-06,26.928021442437892,48.56398520001676,
