veri,yapilandirma,F,P,k,G,sifreli_deger,ciphertext,tohum,epoch,auc,ci95_alt,ci95_ust,n,sure_s,auc_kat_ort,auc_Normal_vs_Non-COVID,auc_Normal_vs_COVID-19,auc_Non-COVID_vs_COVID-19
beyin MR (Cheng),tam,0,0,,224,50176,7,0,12,0.9824618440905878,0.9604667279213356,0.9954020272462828,3064,233.9237085999921,0.985976359148683,,,
beyin MR (Cheng),sabit,0,0,,0,0,0,0,1,0.5050088650964928,0.4463914143795632,0.5667246161760993,3064,19.529905800009143,0.5,,,
beyin MR (Cheng),F64_G32,64,0,,32,5123,1,0,12,0.993506517492496,0.9870878807740358,0.9975616012282146,3064,192.55212220002431,0.9941730310746052,,,
beyin MR (Cheng),U64,0,0,,64,4096,1,0,12,0.9836013181311866,0.9626408201621568,0.995442990621506,3064,188.64449789992068,0.9859835545674768,,,
beyin MR (Cheng),F64_P32k2_G32,64,32,2.0,32,6147,1,0,12,0.9901919421648572,0.978041825447614,0.9972587569211152,3064,195.29396190005355,0.9915987923116202,,,
beyin MR (Cheng),U90,0,0,,90,8100,1,0,12,0.9892639964779628,0.9757485680095852,0.9971206574751472,3064,213.7755776999984,0.991293365992353,,,
beyin MR (Cheng),F32_G16,32,0,,16,1283,1,0,12,0.992369319828691,0.9861113413735424,0.9966840085547082,3064,200.40115890000013,0.9932370681047852,,,
beyin MR (Cheng),U32,0,0,,32,1024,1,0,12,0.9791032527504476,0.9640521459367318,0.9890729733678912,3064,202.2676885999972,0.980862404174072,,,
beyin MR (Cheng),F64,64,0,,0,4099,1,0,12,0.9849035783195764,0.9774818057835072,0.991297776298426,3064,204.87350569991395,0.9854359484776016,,,
beyin MR (Cheng),F64_P32k3_G32,64,32,3.0,32,6147,1,0,12,0.9928363691702184,0.9849725049783388,0.9977824832681372,3064,216.7828751000343,0.9938179973464648,,,
beyin MR (Cheng),F64_P16k2_G32,64,16,2.0,32,5379,1,0,12,0.9938289502260926,0.9871832760454854,0.9978289026739974,3064,221.32541319995653,0.9943409898856108,,,
beyin MR (Cheng),F64_P16k3_G32,64,16,3.0,32,5379,1,0,12,0.9928258157738198,0.9855450371703712,0.9972375287264552,3064,209.84449610009324,0.9940960828199878,,,
beyin MR (Cheng),F64_G16,64,0,,16,4355,1,0,12,0.9911022329228558,0.9822615630829216,0.9965833088601772,3064,205.60948460001964,0.9923532308174086,,,
beyin MR (Cheng),F64_P32k2_G16,64,32,2.0,16,5379,1,0,12,0.9917911183400108,0.9844041256428104,0.99697621297999,3064,213.34717229998205,0.9931591018034822,,,
beyin MR (Cheng),F64_P32k3_G16,64,32,3.0,16,5379,1,0,12,0.9890514109518728,0.9757561924391812,0.9967794117934164,3064,218.6738000999904,0.9908364678714412,,,
beyin MR (Cheng),F64_P16k2_G16,64,16,2.0,16,4611,1,0,12,0.9922002464968992,0.9852035418009708,0.996752472738781,3064,213.0721707999473,0.9929122722626368,,,
beyin MR (Cheng),F64_P16k3_G16,64,16,3.0,16,4611,1,0,12,0.9916377756248606,0.9831107136894812,0.9969699610908638,3064,198.1849474998889,0.9935340789608632,,,
beyin MR (Cheng),F32_G32,32,0,,32,2051,1,0,12,0.9938274665120816,0.9873983780539188,0.99763199120621,3064,539.5866337999469,0.9945960882248148,,,
beyin MR (Cheng),F32_P32k2_G32,32,32,2.0,32,3075,1,0,12,0.9919499138853308,0.9818982496022312,0.9975663763718842,3064,391.8312913000118,0.9931150374430576,,,
beyin MR (Cheng),F32_P32k3_G32,32,32,3.0,32,3075,1,0,12,0.9895824720281292,0.9784071449728984,0.9963862566125664,3064,201.7009980999865,0.9913519987083176,,,
beyin MR (Cheng),F32_P16k2_G32,32,16,2.0,32,2307,1,0,12,0.992686953488086,0.9843198119258998,0.997650745180327,3064,220.7411712999456,0.9936494080284082,,,
beyin MR (Cheng),F32_P16k3_G32,32,16,3.0,32,2307,1,0,12,0.993563351949823,0.9873427089313572,0.9974262318238776,3064,194.86483470001247,0.9946082418904107,,,
beyin MR (Cheng),F32_P32k2_G16,32,32,2.0,16,2307,1,0,12,0.9915873595831872,0.9841330510582476,0.9968506082598464,3064,194.528590300004,0.992923596508813,,,
beyin MR (Cheng),F32_P32k3_G16,32,32,3.0,16,2307,1,0,12,0.9917490154638452,0.9823122340176618,0.997196844789784,3064,199.10209279996343,0.9927948739948974,,,
beyin MR (Cheng),F32_P16k2_G16,32,16,2.0,16,1539,1,0,12,0.99055642181769,0.9803862394810816,0.9966856514700536,3064,231.6576089999872,0.9919730009058012,,,
beyin MR (Cheng),F32_P16k3_G16,32,16,3.0,16,1539,1,0,12,0.9904245832898,0.9805655755823202,0.9963471288239664,3064,194.4325745999813,0.991833546378159,,,
beyin MR (Cheng),U128,0,0,,128,16384,2,0,12,0.984285648918784,0.9636461199542354,0.9957312572793569,3064,187.6313877000939,0.9873512752136876,,,
beyin MR (Cheng),U48,0,0,,48,2304,1,0,12,0.983124153119854,0.962357268861194,0.99474400351738,3064,187.15488099993672,0.9850311903641564,,,
akciğer grafisi (COVID-QU-Ex),tam,0,0,,224,50176,7,0,5,0.99659181851525,0.9957004165290068,0.997426815929542,6788,201.73340680007823,,0.9928012909059988,0.9997196261682244,0.999590617752067
akciğer grafisi (COVID-QU-Ex),tam_pencere,0,0,,224,50179,7,0,5,0.9964250509998948,0.9956149692868173,0.9973045930378176,6788,189.38827360002324,,0.9926986240568132,0.9994800304372428,0.999610076844884
akciğer grafisi (COVID-QU-Ex),sabit,0,0,,0,0,0,0,1,0.5,0.5,0.5,6788,41.27134400000796,,0.5,0.5,0.5
akciğer grafisi (COVID-QU-Ex),F64_G32,64,0,,32,5123,1,0,5,0.9954928354542604,0.994485932413944,0.9963505942599418,6788,184.44845540006645,,0.9915761331723848,0.9995272471855304,0.9992472110950188
akciğer grafisi (COVID-QU-Ex),U64,0,0,,64,4096,1,0,5,0.9953226068394126,0.9943640732420018,0.996273834769914,6788,180.8609779999824,,0.9913579401918936,0.9994529100735564,0.999333572402188
akciğer grafisi (COVID-QU-Ex),F64_P32k2_G32,64,32,2.0,32,6147,1,0,5,0.9954210214676328,0.9944477256086552,0.996315710703708,6788,186.95647209999152,,0.9913247549477124,0.9995664644020836,0.999373231886596
akciğer grafisi (COVID-QU-Ex),U90,0,0,,90,8100,1,0,5,0.9954078826990266,0.9943635881568827,0.996399464947147,6788,180.7993673000019,,0.9905378498450664,0.999688603593936,0.9995520702158198
akciğer grafisi (COVID-QU-Ex),U64_pencere,0,0,,64,4099,1,0,5,0.9950927873324747,0.9940907298126712,0.996008981009012,6788,181.4344688000856,,0.991286384509128,0.9993697929877274,0.999285758631266
akciğer grafisi (COVID-QU-Ex),U90_pencere,0,0,,90,8103,1,0,5,0.9954508497375122,0.9944606513720572,0.9963438969743312,6788,181.48592990008183,,0.991073169315264,0.9995137845589528,0.9994429139713508
akciğer grafisi (COVID-QU-Ex),F32_G16,32,0,,16,1283,1,0,5,0.9936841063344928,0.992544680836292,0.994809158418772,6788,184.2107321999501,,0.9886232686635889,0.9990265935652548,0.998660102466023
akciğer grafisi (COVID-QU-Ex),U32,0,0,,32,1024,1,0,5,0.9940122891059704,0.9928713807134212,0.9950254243886476,6788,180.6778596000513,,0.989031239759241,0.9993161375919458,0.998970521327629
akciğer grafisi (COVID-QU-Ex),F64,64,0,,0,4099,1,0,5,0.9945397561152136,0.9933817696768812,0.9955898930228708,6788,183.23450270004105,,0.990582649924711,0.9991906815210816,0.9989373482074932
akciğer grafisi (COVID-QU-Ex),F64_P32k3_G32,64,32,3.0,32,6147,1,0,5,0.9954928354542604,0.994485932413944,0.9963505942599418,6788,187.18029829999432,,0.9915761331723848,0.9995272471855304,0.9992472110950188
akciğer grafisi (COVID-QU-Ex),F64_P16k2_G32,64,16,2.0,32,5379,1,0,5,0.9954928354542604,0.994485932413944,0.9963505942599418,6788,186.8441868999508,,0.9915761331723848,0.9995272471855304,0.9992472110950188
akciğer grafisi (COVID-QU-Ex),F64_P16k3_G32,64,16,3.0,32,5379,1,0,5,0.9954928354542604,0.994485932413944,0.9963505942599418,6788,186.79680399992503,,0.9915761331723848,0.9995272471855304,0.9992472110950188
akciğer grafisi (COVID-QU-Ex),F64_G16,64,0,,16,4355,1,0,5,0.9950283867501334,0.9939754502978108,0.9959078864405132,6788,184.2189765999792,,0.9910416433332918,0.9995450022437712,0.9992790869423
akciğer grafisi (COVID-QU-Ex),F64_P32k2_G16,64,32,2.0,16,5379,1,0,5,0.9950187113829132,0.9939700707157436,0.9958960628037236,6788,186.82023780001327,,0.9910267099734102,0.9994837375373148,0.999259257200096
akciğer grafisi (COVID-QU-Ex),F64_P32k3_G16,64,32,3.0,16,5379,1,0,5,0.9951071744051894,0.9940753928586982,0.9959977562035474,6788,186.7971688999096,,0.9915680442691156,0.9993719392035588,0.9991358309542276
akciğer grafisi (COVID-QU-Ex),F64_P16k2_G16,64,16,2.0,16,4611,1,0,5,0.995036907957498,0.9939381955590726,0.9959429917797792,6788,186.9920803999994,,0.9908956282588948,0.999434569683726,0.999163629658252
akciğer grafisi (COVID-QU-Ex),F64_P16k3_G16,64,16,3.0,16,4611,1,0,5,0.9950283867501334,0.9939754502978108,0.9959078864405132,6788,186.79914639994968,,0.9910416433332918,0.9995450022437712,0.9992790869423
akciğer grafisi (COVID-QU-Ex),F32_G32,32,0,,32,2051,1,0,5,0.9942886209555808,0.993249524237131,0.995351631120414,6788,183.98612310003955,,0.9897810188699596,0.999114978635397,0.9991059936785748
akciğer grafisi (COVID-QU-Ex),F32_P32k2_G32,32,32,2.0,32,3075,1,0,5,0.9941243127048972,0.9930384633799272,0.9951318762982676,6788,186.859211999923,,0.989486914643404,0.9989821083643884,0.9989699653535488
akciğer grafisi (COVID-QU-Ex),F32_P32k3_G32,32,32,3.0,32,3075,1,0,5,0.9942886209555808,0.993249524237131,0.995351631120414,6788,186.6292422999395,,0.9897810188699596,0.999114978635397,0.9991059936785748
akciğer grafisi (COVID-QU-Ex),F32_P16k2_G32,32,16,2.0,32,2307,1,0,5,0.9942886209555808,0.993249524237131,0.995351631120414,6788,186.66804360004608,,0.9897810188699596,0.999114978635397,0.9991059936785748
akciğer grafisi (COVID-QU-Ex),F32_P16k3_G32,32,16,3.0,32,2307,1,0,5,0.9942886209555808,0.993249524237131,0.995351631120414,6788,186.4771844999632,,0.9897810188699596,0.999114978635397,0.9991059936785748
akciğer grafisi (COVID-QU-Ex),F32_P32k2_G16,32,32,2.0,16,2307,1,0,5,0.9936885293209308,0.9924595646461496,0.9947299499205616,6788,186.61732299998403,,0.9886274168191111,0.998829141708778,0.9989449465199264
akciğer grafisi (COVID-QU-Ex),F32_P32k3_G16,32,32,3.0,16,2307,1,0,5,0.9932289707116956,0.9919773463233452,0.994411031872,6788,186.65584699995816,,0.9874852221959506,0.9991737069049615,0.9986960554565611
akciğer grafisi (COVID-QU-Ex),F32_P16k2_G16,32,16,2.0,16,1539,1,0,5,0.9936945092327344,0.9925187804491143,0.9947816887875682,6788,186.5665596000617,,0.9887582911258508,0.9990724445398318,0.9986502802572678
akciğer grafisi (COVID-QU-Ex),F32_P16k3_G16,32,16,3.0,16,1539,1,0,5,0.9936841063344928,0.992544680836292,0.994809158418772,6788,186.8235100000165,,0.9886232686635889,0.9990265935652548,0.998660102466023
akciğer grafisi (COVID-QU-Ex),U128,0,0,,128,16384,2,0,5,0.9960802712533968,0.995156344639577,0.996905703270778,6788,180.6033463999629,,0.991870859622269,0.9996478254931418,0.9996575199664192
akciğer grafisi (COVID-QU-Ex),U48,0,0,,48,2304,1,0,5,0.9947401452034224,0.9937075133312168,0.995631226650637,6788,180.703751299996,,0.9900871527475308,0.999329600218524,0.9993736025359832
beyin MR (Cheng),tam_pencere,0,0,,224,50179,7,0,12,0.9921266252728196,0.9817052068816906,0.997931620543212,3064,235.0324548999779,0.9940636919411296,,,
beyin MR (Cheng),U64_pencere,0,0,,64,4099,1,0,12,0.9886265120998948,0.9734963166134816,0.9973674599112692,3064,187.6813962999732,0.9903943459164928,,,
beyin MR (Cheng),U90_pencere,0,0,,90,8103,1,0,12,0.9918920728899088,0.9804006219462066,0.998153279795054,3064,187.1251228000037,0.9936056741583832,,,
beyin MR (Cheng),tam,0,0,,224,50176,7,1,12,0.9834762809714916,0.9633674962435222,0.995606099794552,3064,233.26778059999924,0.9860033029487352,,,
beyin MR (Cheng),tam,0,0,,224,50176,7,2,12,0.9844174317090296,0.9660448139761464,0.9954943175176848,3064,188.54576630005613,0.9867430855727836,,,
beyin MR (Cheng),tam,0,0,,224,50176,7,3,12,0.9846627014546314,0.966450727885892,0.9949250951868376,3064,189.6509935000213,0.986594660043468,,,
beyin MR (Cheng),tam,0,0,,224,50176,7,4,12,0.9854111313820536,0.9676091757153912,0.9954318327670364,3064,188.09149239992257,0.98769395352858,,,
beyin MR (Cheng),tam_pencere,0,0,,224,50179,7,1,12,0.9917335013687548,0.9816991243716544,0.9976987076707796,3064,188.92831200000364,0.9930861386077072,,,
beyin MR (Cheng),tam_pencere,0,0,,224,50179,7,2,12,0.9893383570724906,0.9741162245343672,0.9976564642011334,3064,188.23255439999048,0.9914661732678748,,,
beyin MR (Cheng),tam_pencere,0,0,,224,50179,7,3,12,0.9908308204230856,0.97905252276778,0.997623573952178,3064,188.1759855999844,0.9920791135577404,,,
beyin MR (Cheng),tam_pencere,0,0,,224,50179,7,4,12,0.9903325460084804,0.9755345678577128,0.9982791856533456,3064,188.2200308999745,0.9922148481489772,,,
beyin MR (Cheng),F32_G16,32,0,,16,1283,1,1,12,0.991636744425614,0.9845492551656696,0.9967463371072854,3064,189.917332299985,0.9925318816049712,,,
beyin MR (Cheng),F32_G16,32,0,,16,1283,1,2,12,0.9930245004812416,0.9870117744965906,0.9970501167633334,3064,189.9418119000038,0.994299439472398,,,
beyin MR (Cheng),F32_G16,32,0,,16,1283,1,3,12,0.9905843628495488,0.9820737938706664,0.9964461530099414,3064,234.6818089999724,0.9918534398733684,,,
beyin MR (Cheng),F32_G16,32,0,,16,1283,1,4,12,0.9917029772695188,0.9840187429302002,0.99653673049227,3064,188.03273759991865,0.9928958053718808,,,
beyin MR (Cheng),F64_G32,64,0,,32,5123,1,1,12,0.9934424170175136,0.9874930962129718,0.9974315897893968,3064,187.8276728000492,0.9939825646372704,,,
beyin MR (Cheng),F64_G32,64,0,,32,5123,1,2,12,0.9941694855596728,0.9897028678919022,0.997365934302608,3064,188.0863857000368,0.9949428169209829,,,
beyin MR (Cheng),F64_G32,64,0,,32,5123,1,3,12,0.9927652844710304,0.9862440245881609,0.9970484359155808,3064,188.32998250005767,0.9939686895618508,,,
beyin MR (Cheng),F64_G32,64,0,,32,5123,1,4,12,0.9940833458992154,0.9884233687219156,0.9976531166119504,3064,188.519099200028,0.99533758901497,,,
beyin MR (Cheng),U32,0,0,,32,1024,1,1,12,0.9809341587155584,0.9672271757698064,0.9903662742873311,3064,184.85044720000587,0.9820592619534108,,,
beyin MR (Cheng),U32,0,0,,32,1024,1,2,12,0.9800257690091424,0.9672950019194456,0.9893150449427776,3064,184.8818642999977,0.981228399024696,,,
beyin MR (Cheng),U32,0,0,,32,1024,1,3,12,0.9769745804351516,0.9592049902810604,0.989033702409658,3064,184.7693191000726,0.9791167120492158,,,
beyin MR (Cheng),U32,0,0,,32,1024,1,4,12,0.97929949525594,0.9645781556134294,0.989784644359186,3064,184.9342517000623,0.9811194560261614,,,
beyin MR (Cheng),U32_pencere,0,0,,32,1027,1,0,12,0.9862915564302912,0.974186203878119,0.9942717159156512,3064,185.39451819995884,0.9879622147947492,,,
beyin MR (Cheng),U32_pencere,0,0,,32,1027,1,1,12,0.9884918923476416,0.977905680225255,0.9952857193455572,3064,185.237355499994,0.9893569578798938,,,
beyin MR (Cheng),U32_pencere,0,0,,32,1027,1,2,12,0.9893005733595402,0.9803397782668726,0.99497651407198,3064,185.59165880002547,0.990213712046242,,,
beyin MR (Cheng),U32_pencere,0,0,,32,1027,1,3,12,0.9877118338458236,0.9767422049662372,0.9948292786389574,3064,186.2880700000096,0.9890954412984778,,,
beyin MR (Cheng),U32_pencere,0,0,,32,1027,1,4,12,0.987965809000522,0.9767380684099286,0.9946827709378566,3064,185.3813744999934,0.9897098759267712,,,
beyin MR (Cheng),U64,0,0,,64,4096,1,1,12,0.9838012701181942,0.9667999794974214,0.9940897913807496,3064,185.0788610000164,0.9862819937296388,,,
beyin MR (Cheng),U64,0,0,,64,4096,1,2,12,0.9849599846058018,0.9685222572433904,0.994921483721353,3064,185.23456789995544,0.987557968739859,,,
beyin MR (Cheng),U64,0,0,,64,4096,1,3,12,0.983748472526579,0.965434935986306,0.9945814123302336,3064,185.0624742000364,0.9855316098800158,,,
beyin MR (Cheng),U64,0,0,,64,4096,1,4,12,0.9856952069560032,0.9696215048799884,0.9954318612020374,3064,185.06701180001247,0.987905265298758,,,
beyin MR (Cheng),U64_pencere,0,0,,64,4099,1,1,12,0.9892799499923748,0.9767684173872544,0.9971452585191553,3064,185.46184569993056,0.9911267075173952,,,
beyin MR (Cheng),U64_pencere,0,0,,64,4099,1,2,12,0.9911637251797584,0.9811391398356784,0.9974543879189712,3064,185.6494258999592,0.9926608709740748,,,
beyin MR (Cheng),U64_pencere,0,0,,64,4099,1,3,12,0.9885986761968012,0.9746842457384994,0.9968588918240968,3064,185.5784105999628,0.9900866788454594,,,
beyin MR (Cheng),U64_pencere,0,0,,64,4099,1,4,12,0.9887110171597304,0.9737008348762706,0.9974902127619824,3064,185.6254317999119,0.9908609633330904,,,
beyin MR (Cheng),U90,0,0,,90,8100,1,1,12,0.9851035977642998,0.967134058962813,0.9952528262800896,3064,185.2375780000584,0.987345759046044,,,
beyin MR (Cheng),U90,0,0,,90,8100,1,2,12,0.9856774905130666,0.9698311609772764,0.9954758560804856,3064,185.3044520999537,0.9882651723731424,,,
beyin MR (Cheng),U90,0,0,,90,8100,1,3,12,0.9855030067913156,0.9695160766183571,0.9952749862891458,3064,185.1874036999652,0.9870889449435104,,,
beyin MR (Cheng),U90,0,0,,90,8100,1,4,12,0.9872746926025474,0.9724769302462132,0.9957596358218824,3064,185.2002786999801,0.989322657768182,,,
beyin MR (Cheng),U90_pencere,0,0,,90,8103,1,1,12,0.9908905523012936,0.9785619452592176,0.998169515618082,3064,185.6759355999529,0.9925482570606472,,,
beyin MR (Cheng),U90_pencere,0,0,,90,8103,1,2,12,0.9899285910425716,0.975868098926918,0.9978285874222336,3064,185.6542319,0.9916856982706288,,,
beyin MR (Cheng),U90_pencere,0,0,,90,8103,1,3,12,0.9893048685856938,0.9747806295340552,0.9976207453940686,3064,185.53784419992007,0.9903382917658942,,,
beyin MR (Cheng),U90_pencere,0,0,,90,8103,1,4,12,0.9927655796211272,0.9840791851289558,0.998299047289964,3064,185.76721439999528,0.9941019627116148,,,
akciğer grafisi (COVID-QU-Ex),tam,0,0,,224,50176,7,1,5,0.996468915687417,0.9955694599893008,0.9972660719017814,6788,192.5386815000093,,0.9925329052436832,0.999553391996566,0.9995702320357824
akciğer grafisi (COVID-QU-Ex),tam,0,0,,224,50176,7,2,5,0.9964299101171252,0.9955126123590072,0.9972270611752138,6788,175.62404500006232,,0.99211103782703,0.9994566171736288,0.9996931023075704
akciğer grafisi (COVID-QU-Ex),tam,0,0,,224,50176,7,3,5,0.9962540240747702,0.9953547030924148,0.9970924978196932,6788,175.64237399993,,0.9916773481671376,0.9993461846135836,0.9996404700946177
akciğer grafisi (COVID-QU-Ex),tam,0,0,,224,50176,7,4,5,0.9963486919652594,0.995440416674372,0.9972735708165829,6788,175.4775150999194,,0.9922145343073202,0.99949212729011,0.9995618924245752
akciğer grafisi (COVID-QU-Ex),F32_G16,32,0,,16,1283,1,1,5,0.993685155639097,0.99249399151798,0.9948076130530148,6788,179.31683769996744,,0.9884940536190584,0.9990131309386768,0.9988843453451534
akciğer grafisi (COVID-QU-Ex),F32_G16,32,0,,16,1283,1,2,5,0.993482734379056,0.9922746268356144,0.9946297982653138,6788,178.35264240007382,,0.9877218744685176,0.9990191793651104,0.9987931655959532
akciğer grafisi (COVID-QU-Ex),F32_G16,32,0,,16,1283,1,3,5,0.9938706694521832,0.9927515326703972,0.9949751568572616,6788,177.9210798999993,,0.9884957128812673,0.9988498234249704,0.9988174431308012
akciğer grafisi (COVID-QU-Ex),F32_G16,32,0,,16,1283,1,4,5,0.9936320821413718,0.9924211908816168,0.9947437843693048,6788,178.06028600002173,,0.988219445723459,0.9988572376251148,0.998923078206094
akciğer grafisi (COVID-QU-Ex),F64_G32,64,0,,32,5123,1,1,5,0.9948757920834996,0.9937539683862496,0.9958957849787812,6788,178.2747271999251,,0.9895790036960064,0.9995594404229996,0.9993832394200448
akciğer grafisi (COVID-QU-Ex),F64_G32,64,0,,32,5123,1,2,5,0.9953499785097102,0.994364118087226,0.9962002443422144,6788,178.17473410000093,,0.9907635095054984,0.9994735917897488,0.9993398734417668
akciğer grafisi (COVID-QU-Ex),F64_G32,64,0,,32,5123,1,3,5,0.9948700323660108,0.9937697877919206,0.9959110396053428,6788,178.2986993000377,,0.9894112108051156,0.9994515442998458,0.9992203390144618
akciğer grafisi (COVID-QU-Ex),F64_G32,64,0,,32,5123,1,4,5,0.9951472574734492,0.9941883533337617,0.9961150376856668,6788,178.3243691000389,,0.9906832426961352,0.9994121319727626,0.9993113334389684
akciğer grafisi (COVID-QU-Ex),U32,0,0,,32,1024,1,1,5,0.9941081204908722,0.9930931044140044,0.9951058351594978,6788,174.97103829996195,,0.988702291026295,0.9991801455524556,0.9991317538109707
akciğer grafisi (COVID-QU-Ex),U32,0,0,,32,1024,1,2,5,0.994014931789545,0.9929420170455592,0.9951158344140056,6788,175.06306459999178,,0.988039000958224,0.9992597506487424,0.999075415104148
akciğer grafisi (COVID-QU-Ex),U32,0,0,,32,1024,1,3,5,0.994261452878476,0.9931857358161348,0.9952104597236168,6788,175.22026930004358,,0.9886525131600232,0.9992747741595616,0.999139722772791
akciğer grafisi (COVID-QU-Ex),U32,0,0,,32,1024,1,4,5,0.9936976524484514,0.9925904329555676,0.9947563255408312,6788,175.35704550007358,,0.9881178159131542,0.9990582014711334,0.9991252674466984
akciğer grafisi (COVID-QU-Ex),U64,0,0,,64,4096,1,1,5,0.9948126057129972,0.9938501031409136,0.9957345949588764,6788,175.39769050001632,,0.9898930190690708,0.999309308723392,0.999435871632998
akciğer grafisi (COVID-QU-Ex),U64,0,0,,64,4096,1,2,5,0.9950260910840534,0.9940518453022904,0.9959410535947112,6788,175.55612069997005,,0.9902418789485256,0.9992944803231032,0.9994067756561188
akciğer grafisi (COVID-QU-Ex),U64,0,0,,64,4096,1,3,5,0.9951744256462756,0.9941280557387204,0.9960737037329151,6788,175.50291639997158,,0.9900456711923044,0.999299553196886,0.9993524755209244
akciğer grafisi (COVID-QU-Ex),U64,0,0,,64,4096,1,4,5,0.9948339597210188,0.993837234515571,0.9958181981599251,6788,175.4951243000105,,0.9901066490784873,0.999296236317874,0.9993828687706579
