veri,satir,etiket,kat,olcum,sifreleme_s,fovea_ciphertext,fovea_slot,fovea_yukleme_bayt,piroi_ciphertext,piroi_yukleme_MB,piroi_roi_piksel,fovea_sunucu_s,fovea_indirme_bayt
beyin MR (Cheng),11,0,3,paket,0.026803200016729534,1,8192,855320,1,0.8558745,7618,,
beyin MR (Cheng),28,0,0,paket,0.024355800007469952,1,8192,855470,1,0.8558745,3531,,
beyin MR (Cheng),52,0,1,paket,0.023417699965648353,1,8192,855672,1,0.8558745,4077,,
beyin MR (Cheng),123,0,3,paket,0.022369399899616838,1,8192,856209,1,0.8558745,4341,,
beyin MR (Cheng),187,0,4,paket,0.03545930003747344,1,8192,856021,1,0.8558745,4047,,
beyin MR (Cheng),216,0,4,paket,0.021510799997486174,1,8192,856089,1,0.8558745,3115,,
beyin MR (Cheng),356,0,2,paket,0.020031399908475578,1,8192,855982,1,0.8558745,1710,,
beyin MR (Cheng),386,0,1,paket,0.020242099999450147,1,8192,856054,2,1.711749,9221,,
beyin MR (Cheng),398,0,1,paket,0.02840960002504289,1,8192,855924,1,0.8558745,7097,,
beyin MR (Cheng),428,0,2,paket,0.018504400039091706,1,8192,855869,1,0.8558745,4410,,
beyin MR (Cheng),442,0,4,paket,0.018623300013132393,1,8192,855951,2,1.711749,9450,,
beyin MR (Cheng),448,0,0,paket,0.033951799967326224,1,8192,855446,1,0.8558745,1693,,
beyin MR (Cheng),456,0,3,paket,0.021486000041477382,1,8192,855400,2,1.711749,8936,,
beyin MR (Cheng),516,0,3,paket,0.02778000000398606,1,8192,855149,1,0.8558745,1182,,
beyin MR (Cheng),570,0,0,paket,0.017902000108733773,1,8192,855489,1,0.8558745,1571,,
beyin MR (Cheng),589,0,0,paket,0.02664100006222725,1,8192,856144,1,0.8558745,3891,,
beyin MR (Cheng),641,0,1,paket,0.030600199941545725,1,8192,856030,1,0.8558745,2436,,
beyin MR (Cheng),665,0,2,paket,0.019521999987773597,1,8192,856082,1,0.8558745,4204,,
beyin MR (Cheng),685,0,2,paket,0.031661099987104535,1,8192,855268,1,0.8558745,2536,,
beyin MR (Cheng),703,0,4,paket,0.01914499991107732,1,8192,855642,1,0.8558745,6750,,
beyin MR (Cheng),719,1,2,paket,0.028234400087967515,1,8192,855447,1,0.8558745,6452,,
beyin MR (Cheng),723,1,4,paket,0.024657099973410368,1,8192,856000,1,0.8558745,1624,,
beyin MR (Cheng),751,1,2,paket,0.03072549996431917,1,8192,856164,2,1.711749,10428,,
beyin MR (Cheng),887,1,1,paket,0.022952100029215217,1,8192,855234,1,0.8558745,5951,,
beyin MR (Cheng),955,2,1,paket,0.018927800003439188,1,8192,856106,1,0.8558745,492,,
beyin MR (Cheng),988,2,2,paket,0.033293699962086976,1,8192,855837,1,0.8558745,1476,,
beyin MR (Cheng),1120,2,2,paket,0.02424050006084144,1,8192,855129,1,0.8558745,739,,
beyin MR (Cheng),1142,2,0,paket,0.019405800034292042,1,8192,855595,1,0.8558745,2788,,
beyin MR (Cheng),1154,2,3,paket,0.03003799996804446,1,8192,855557,1,0.8558745,1831,,
beyin MR (Cheng),1204,2,1,paket,0.019231699989177287,1,8192,856094,1,0.8558745,236,,
beyin MR (Cheng),1212,2,2,paket,0.027038800064474344,1,8192,855808,1,0.8558745,3047,,
beyin MR (Cheng),1220,2,2,paket,0.01850979996379465,1,8192,855557,1,0.8558745,2824,,
beyin MR (Cheng),1236,2,0,paket,0.027478900039568543,1,8192,855230,1,0.8558745,1042,,
beyin MR (Cheng),1271,2,4,paket,0.02857280010357499,1,8192,854378,1,0.8558745,339,,
beyin MR (Cheng),1373,2,4,paket,0.019104599952697754,1,8192,856074,1,0.8558745,1009,,
beyin MR (Cheng),1394,2,3,paket,0.018019100069068372,1,8192,856124,1,0.8558745,1573,,
beyin MR (Cheng),1432,2,1,paket,0.020759499981068075,1,8192,856149,1,0.8558745,1241,,
beyin MR (Cheng),1455,2,0,paket,0.023774100001901388,1,8192,855135,1,0.8558745,1394,,
beyin MR (Cheng),1488,2,4,paket,0.02911530004348606,1,8192,855781,1,0.8558745,778,,
beyin MR (Cheng),1524,2,3,paket,0.018446600064635277,1,8192,856163,1,0.8558745,3633,,
beyin MR (Cheng),1569,2,3,paket,0.018721099942922592,1,8192,856192,1,0.8558745,1020,,
beyin MR (Cheng),1572,2,4,paket,0.04887040005996823,1,8192,856068,1,0.8558745,680,,
beyin MR (Cheng),1610,2,1,paket,0.0313939000479877,1,8192,855793,1,0.8558745,3131,,
beyin MR (Cheng),1732,2,0,paket,0.020200999919325113,1,8192,856055,1,0.8558745,2734,,
beyin MR (Cheng),1999,1,0,paket,0.022954699932597578,1,8192,856065,1,0.8558745,6441,,
beyin MR (Cheng),2175,1,2,paket,0.03534489998128265,1,8192,856123,1,0.8558745,5014,,
beyin MR (Cheng),2179,1,0,paket,0.03461910004261881,1,8192,855246,1,0.8558745,6685,,
beyin MR (Cheng),2202,1,4,paket,0.01820340007543564,1,8192,854959,1,0.8558745,6703,,
beyin MR (Cheng),2229,1,2,paket,0.02932410000357777,1,8192,855588,2,1.711749,11935,,
beyin MR (Cheng),2289,1,4,paket,0.018379000015556812,1,8192,855316,2,1.711749,9562,,
beyin MR (Cheng),2378,1,1,paket,0.0200627000303939,1,8192,855210,3,2.5676235,17207,,
beyin MR (Cheng),2507,1,3,paket,0.03661230008583516,1,8192,855919,1,0.8558745,845,,
beyin MR (Cheng),2550,1,3,paket,0.018196100019849837,1,8192,856247,1,0.8558745,1908,,
beyin MR (Cheng),2582,1,1,paket,0.018797699944116175,1,8192,855355,1,0.8558745,2650,,
beyin MR (Cheng),2611,1,3,paket,0.03192980005405843,1,8192,855880,1,0.8558745,573,,
beyin MR (Cheng),2718,1,0,paket,0.01993499998934567,1,8192,855918,1,0.8558745,5217,,
beyin MR (Cheng),2779,1,0,paket,0.018882600008510053,1,8192,855318,1,0.8558745,1825,,
beyin MR (Cheng),2989,1,3,paket,0.038430599961429834,1,8192,855967,2,1.711749,11110,,
beyin MR (Cheng),3031,1,4,paket,0.02790019998792559,1,8192,856090,3,2.5676235,20042,,
beyin MR (Cheng),3053,1,1,paket,0.02864509995561093,1,8192,856128,2,1.711749,14816,,
beyin MR (Cheng),66,0,3,yan_kanal,0.024917099974118173,1,8192,855362,1,0.8558745,2326,4.782543599954806,1380742.0
beyin MR (Cheng),77,0,2,yan_kanal,0.01989370002411306,1,8192,855531,1,0.8558745,7024,4.836678299936466,1377728.0
beyin MR (Cheng),184,0,4,yan_kanal,0.02064020000398159,1,8192,856151,1,0.8558745,2040,4.8054297000635415,1379444.0
beyin MR (Cheng),213,0,1,yan_kanal,0.024590700049884617,1,8192,855244,2,1.711749,9402,4.907599899917841,1379940.0
beyin MR (Cheng),294,0,3,yan_kanal,0.03411140001844615,1,8192,855621,1,0.8558745,3754,4.986681699985638,1380381.0
beyin MR (Cheng),322,0,0,yan_kanal,0.035581399919465184,1,8192,856182,1,0.8558745,2274,5.034640499972738,1379572.0
beyin MR (Cheng),577,0,2,yan_kanal,0.028920199954882264,1,8192,855970,1,0.8558745,342,4.8950776000274345,1378021.0
beyin MR (Cheng),590,0,1,yan_kanal,0.03297320008277893,1,8192,855790,1,0.8558745,4361,4.936734899994917,1379317.0
beyin MR (Cheng),790,1,1,yan_kanal,0.03381340007763356,1,8192,856063,1,0.8558745,6219,4.662110599922016,1379702.0
beyin MR (Cheng),1112,2,4,yan_kanal,0.025878799962811172,1,8192,855925,1,0.8558745,1724,4.76887359993998,1379314.0
beyin MR (Cheng),1263,2,0,yan_kanal,0.034849800053052604,1,8192,856137,1,0.8558745,1392,4.957345400005579,1378886.0
beyin MR (Cheng),1274,2,3,yan_kanal,0.023116800002753735,1,8192,855293,1,0.8558745,1543,4.99335250002332,1377914.0
beyin MR (Cheng),1495,2,1,yan_kanal,0.027601700043305755,1,8192,855236,1,0.8558745,3480,4.634061300079338,1378626.0
beyin MR (Cheng),1543,2,0,yan_kanal,0.03386820002924651,1,8192,855191,1,0.8558745,2945,4.422478799941018,1377068.0
beyin MR (Cheng),1714,2,3,yan_kanal,0.02973419998306781,1,8192,855466,1,0.8558745,1599,4.912843700032681,1379606.0
beyin MR (Cheng),1774,2,2,yan_kanal,0.04325220000464469,1,8192,855975,1,0.8558745,4271,4.8321322000119835,1380598.0
beyin MR (Cheng),1805,2,2,yan_kanal,0.030544999986886978,1,8192,855196,1,0.8558745,1187,4.907814500038512,1378563.0
beyin MR (Cheng),1921,1,3,yan_kanal,0.030546699999831617,1,8192,855203,1,0.8558745,4393,4.722617299994454,1377504.0
beyin MR (Cheng),2005,1,4,yan_kanal,0.03991880000103265,1,8192,855813,1,0.8558745,5863,4.916843199986033,1378218.0
beyin MR (Cheng),2025,1,0,yan_kanal,0.023518400033935905,1,8192,856092,1,0.8558745,1771,5.294271099963225,1380423.0
beyin MR (Cheng),2070,1,2,yan_kanal,0.02945879998151213,1,8192,855289,1,0.8558745,4753,4.929175800061785,1380868.0
beyin MR (Cheng),2427,1,1,yan_kanal,0.03384229994844645,1,8192,855928,1,0.8558745,4388,5.127752000000328,1379057.0
beyin MR (Cheng),2436,1,0,yan_kanal,0.02004640002269298,1,8192,855138,1,0.8558745,8152,4.5400866999989375,1379749.0
beyin MR (Cheng),2570,1,4,yan_kanal,0.025500799994915724,1,8192,856129,1,0.8558745,4661,4.837845199974254,1379556.0
