veri,model,karistirma,karistirma_tohumu,karisik_egitim_dogrulugu,test_auc,sinif0_auc,sinif1_auc,sinif2_auc,ayar
Beyin MR,"Bağlam saldırganı (ResNet-18), Π_ROI görüşü",0,1000,0.9948453608247423,0.5276485362465103,0.6106727574750831,0.46461897890469317,0.5076538723597548,12 epoch
Beyin MR,"Bağlam saldırganı (ResNet-18), Π_ROI görüşü",1,1001,0.992466296590008,0.5922987099848542,0.6677740863787376,0.5631003916718202,0.5460216519040049,12 epoch
Beyin MR,"Bağlam saldırganı (ResNet-18), Π_ROI görüşü",2,1002,0.9916732751784298,0.5113923129317078,0.4719892026578073,0.5272040129182987,0.5349837232190174,12 epoch
Beyin MR,"Bağlam saldırganı (ResNet-18), Π_ROI görüşü",3,1003,0.9877081681205393,0.4876974838931714,0.4318936877076412,0.5240294097436955,0.5071693542281778,12 epoch
Beyin MR,"Bağlam saldırganı (ResNet-18), Π_ROI görüşü",4,1004,0.9932593180015861,0.49835286406600976,0.49480897009966773,0.5304335875764448,0.46981603452191695,12 epoch
COVID-QU-Ex,"Bağlam saldırganı (ResNet-18), Π_ROI görüşü",0,1000,0.39558454960931744,0.5127222922124884,0.49759282061469023,0.524456280514869,0.516117775507906,5 epoch
COVID-QU-Ex,"Bağlam saldırganı (ResNet-18), Π_ROI görüşü",1,1001,0.39200943535308863,0.46279251237168584,0.40449566994749186,0.5613337306964474,0.4225481364711181,5 epoch
COVID-QU-Ex,"Bağlam saldırganı (ResNet-18), Π_ROI görüşü",2,1002,0.3849329205366357,0.5041038761619082,0.5423056323711047,0.4798564794900442,0.4901495166245757,5 epoch
Beyin MR,"FoveaHE F32_G16, Model D",0,1000,0.4329896907216495,0.7163586371764993,0.6303156146179403,0.7569160997732426,0.7618441971383147,"wd=100, epoch 1"
Beyin MR,"FoveaHE F32_G16, Model D",1,1001,0.4622897449810092,0.5985524233692104,0.8233803986710962,0.5824366110080395,0.38984026042849573,"wd=10, epoch 2"
Beyin MR,"FoveaHE F32_G16, Model D",2,1002,0.4232230059685296,0.43448400828416794,0.747155315614618,0.12833092833092835,0.4279657809069574,"wd=100, epoch 1"
Beyin MR,"FoveaHE F32_G16, Model D",3,1003,0.513293543136191,0.5705400326817499,0.5483803986710963,0.6867312581598295,0.47650844121432356,"wd=10, epoch 6"
Beyin MR,"FoveaHE F32_G16, Model D",4,1004,0.46174715138361366,0.45999702122308145,0.4043812292358804,0.5292929292929294,0.4463169051404346,"wd=100, epoch 8"
Beyin MR,"FoveaHE F32_G16, Model D",5,1005,0.45306565382528485,0.572474465383315,0.4905523255813954,0.6452827595684739,0.5815883110000757,"wd=100, epoch 5"
Beyin MR,"FoveaHE F32_G16, Model D",6,1006,0.41020075963103636,0.5475529457794457,0.6711794019933555,0.5125953411667697,0.4588840941782119,"wd=1000, epoch 1"
Beyin MR,"FoveaHE F32_G16, Model D",7,1007,0.44546934346174716,0.5091138660364606,0.5368147840531561,0.607984607984608,0.3825422060716179,"wd=100, epoch 5"
Beyin MR,"FoveaHE F32_G16, Model D",8,1008,0.47531199131850244,0.4587590070343637,0.6273255813953488,0.3935271078128221,0.3554243318949202,"wd=100, epoch 10"
Beyin MR,"FoveaHE F32_G16, Model D",9,1009,0.3760173629951167,0.4393521776884424,0.41794019933554816,0.4623239194667766,0.4377924142630025,"wd=100, epoch 1"
Beyin MR,"FoveaHE F32_G16, Model D",10,1010,0.43081931633206727,0.5800740059973987,0.32973421926910296,0.7650793650793651,0.6454084336437277,"wd=100, epoch 4"
Beyin MR,"FoveaHE F32_G16, Model D",11,1011,0.3716766142159523,0.5397902092034396,0.41075581395348837,0.6011956297670584,0.6074191838897721,"wd=100, epoch 1"
Beyin MR,"FoveaHE F32_G16, Model D",12,1012,0.5198046663049376,0.5459126669055989,0.6213870431893687,0.49793169793169795,0.5184192595957302,"wd=10, epoch 4"
Beyin MR,"FoveaHE F32_G16, Model D",13,1013,0.46500271296798695,0.6899287668337729,0.6363164451827242,0.7924826496255066,0.6409872056930881,"wd=100, epoch 12"
Beyin MR,"FoveaHE F32_G16, Model D",14,1014,0.46880086814975586,0.5080067839639691,0.18565199335548171,0.790544904830619,0.5478234537058067,"wd=100, epoch 2"
Beyin MR,"FoveaHE F32_G16, Model D",15,1015,0.42105263157894735,0.5848085357115713,0.3497923588039867,0.8657733800590943,0.538859868271633,"wd=100, epoch 1"
Beyin MR,"FoveaHE F32_G16, Model D",16,1016,0.4508952794357027,0.5243649986781541,0.6688330564784053,0.4348244348244348,0.4694375047316224,"wd=100, epoch 1"
Beyin MR,"FoveaHE F32_G16, Model D",17,1017,0.4595767769940315,0.5979055625947522,0.7433762458471761,0.634563320277606,0.4157771216594746,"wd=10, epoch 2"
Beyin MR,"FoveaHE F32_G16, Model D",18,1018,0.44112859468258275,0.4469517584485665,0.35153654485049834,0.41375661375661377,0.5755621167385874,"wd=100, epoch 6"
Beyin MR,"FoveaHE F32_G16, Model D",19,1019,0.4183396635919696,0.6911656832122112,0.4863579734219269,0.7475297189582905,0.8396093572564162,"wd=1000, epoch 1"
COVID-QU-Ex,"FoveaHE F32_G16, Model D2",0,1000,0.36776421828229333,0.4541997693004453,0.43453662996786974,0.4635298470103075,0.46453283092315856,"wd=1, epoch 4"
COVID-QU-Ex,"FoveaHE F32_G16, Model D2",1,1001,0.3536725765599816,0.5120648123122481,0.4763187021295504,0.5206526542338992,0.5392230805732945,"wd=10, epoch 1"
COVID-QU-Ex,"FoveaHE F32_G16, Model D2",2,1002,0.3721851254892931,0.5492605105100786,0.5593685532164238,0.5332638437247214,0.5551491345890907,"wd=1, epoch 17"
COVID-QU-Ex,"FoveaHE F32_G16, Model D2",3,1003,0.36679714483076215,0.47738949377990436,0.49251604017969375,0.4532276699791678,0.4864247711808516,"wd=1, epoch 5"
COVID-QU-Ex,"FoveaHE F32_G16, Model D2",4,1004,0.37398111904213677,0.5318925996999626,0.5310223562157864,0.5203998490803148,0.5442555938037866,"wd=1, epoch 13"
COVID-QU-Ex,"FoveaHE F32_G16, Model D2",5,1005,0.37941515081740734,0.5246316508972538,0.4636985106786418,0.5174565237284992,0.5927399182846205,"wd=1, epoch 10"
COVID-QU-Ex,"FoveaHE F32_G16, Model D2",6,1006,0.3666129403638038,0.4993983831893436,0.4643648773171591,0.4947909708530241,0.5390393013978477,"wd=1, epoch 13"
COVID-QU-Ex,"FoveaHE F32_G16, Model D2",7,1007,0.3632512088418144,0.490207199240025,0.4629766372483839,0.4731158895819907,0.5345290708897004,"wd=1, epoch 8"
COVID-QU-Ex,"FoveaHE F32_G16, Model D2",8,1008,0.3540870366106378,0.48692222566087934,0.5027269137130764,0.4354711175250346,0.5225686457445268,"wd=10, epoch 4"
COVID-QU-Ex,"FoveaHE F32_G16, Model D2",9,1009,0.35017269168777343,0.5,0.5,0.5,0.5,"wd=10, epoch 5"
COVID-QU-Ex,"FoveaHE F32_G16, Model D2",10,1010,0.3607183974211375,0.5358411123844501,0.5780537170778905,0.47863336450578453,0.5508362555696752,"wd=1, epoch 12"
COVID-QU-Ex,"FoveaHE F32_G16, Model D2",11,1011,0.3743495279760534,0.5404437571029262,0.5414666624212842,0.55283720688965,0.5270274019978445,"wd=1, epoch 8"
COVID-QU-Ex,"FoveaHE F32_G16, Model D2",12,1012,0.35335021874280453,0.5247837335308504,0.5263276602033886,0.5332839076257994,0.5147396327633632,"wd=10, epoch 1"
COVID-QU-Ex,"FoveaHE F32_G16, Model D2",13,1013,0.363849873359429,0.4479151705169772,0.4284653845294778,0.4016696101877638,0.5136105168336899,"wd=1, epoch 14"
COVID-QU-Ex,"FoveaHE F32_G16, Model D2",14,1014,0.35615933686391893,0.4826618221087607,0.5441953344830716,0.441700518382693,0.4620896134605177,"wd=1, epoch 10"
COVID-QU-Ex,"FoveaHE F32_G16, Model D2",15,1015,0.35302786092562743,0.5180654769697383,0.5070445627343177,0.5323796618596495,0.5147722063152476,"wd=10, epoch 1"
COVID-QU-Ex,"FoveaHE F32_G16, Model D2",16,1016,0.3664747870135851,0.5686669489934159,0.5431514456240165,0.5728475716073289,0.5900018297489021,"wd=1, epoch 17"
COVID-QU-Ex,"FoveaHE F32_G16, Model D2",17,1017,0.3531660142758462,0.5214069073734643,0.5596224207519365,0.47707053342083156,0.5275277679476249,"wd=10, epoch 1"
COVID-QU-Ex,"FoveaHE F32_G16, Model D2",18,1018,0.35975132396960624,0.4639094112869302,0.4248032669168591,0.515979429118397,0.4509455378255345,"wd=1, epoch 10"
COVID-QU-Ex,"FoveaHE F32_G16, Model D2",19,1019,0.3548238544784711,0.5194421492368833,0.5752453965717903,0.43929294812600717,0.5437881030128524,"wd=10, epoch 1"
