anahtar,tablo,veri,hedef,model,girdi,tohum_sayisi,n_test,auc,auc_std,dogruluk,dogruluk_std,dengeli_dogruluk,dengeli_dogruluk_std,kesinlik_makro,kesinlik_makro_std,duyarlilik_makro,duyarlilik_makro_std,f1_makro,f1_makro_std,f1_agirlikli,f1_agirlikli_std
A_beyin_girdi_boyutu,Tablo II,Beyin MR,Tümör tipi (3 sınıf),Meta veri saldırganı (HistGB),Girdi boyutu,5,3064,0.4573745616476946,0.0,0.46540469973890347,6.206335383118183e-17,0.3333333333333333,0.0,0.1551348999129678,0.0,0.3333333333333333,0.0,0.21172976985894582,3.1031676915590914e-17,0.29562008990096933,0.0
A_beyin_konum,Tablo II,Beyin MR,Tümör tipi (3 sınıf),Meta veri saldırganı (HistGB),Konum,5,3064,0.7753099677792861,0.0,0.6511096605744126,0.0,0.6010887393919223,0.0,0.6007736553687685,0.0,0.6010887393919223,0.0,0.596051277941212,0.0,0.635251314724756,0.0
A_beyin_buyukluk,Tablo II,Beyin MR,Tümör tipi (3 sınıf),Meta veri saldırganı (HistGB),Büyüklük,5,3064,0.7082139881312184,0.0,0.5411227154046997,0.0,0.4938325898104347,0.0,0.4861263745613364,0.0,0.4938325898104347,0.0,0.4842315019266129,6.206335383118183e-17,0.525765926642105,0.0
A_beyin_sekil,Tablo II,Beyin MR,Tümör tipi (3 sınıf),Meta veri saldırganı (HistGB),Şekil,5,3064,0.7215363594977307,0.0,0.5587467362924282,0.0,0.5127821226984467,0.0,0.5110285590773064,0.0,0.5127821226984467,0.0,0.5084958479391852,0.0,0.5472897891534438,0.0
A_beyin_tumu,Tablo II,Beyin MR,Tümör tipi (3 sınıf),Meta veri saldırganı (HistGB),Tümü,5,3064,0.8298600870754648,0.0,0.689621409921671,0.0,0.6482066967245373,0.0,0.650754819741122,0.0,0.6482066967245373,0.0,0.6453508312886179,0.0,0.6778791208491671,0.0
A_covidqu_konum,Tablo II,COVID-QU-Ex,Teşhis (3 sınıf),Meta veri saldırganı (HistGB),Konum,5,6788,0.7286386592495269,0.0009176263669613285,0.5397760754272245,0.0019432684087025687,0.5415919381067946,0.002026591373409536,0.5411466187753877,0.0017336631228309972,0.5415919381067946,0.002026591373409536,0.5368867253934332,0.001979910900068575,0.5359114092139997,0.0019636583673487773
A_covidqu_buyukluk,Tablo II,COVID-QU-Ex,Teşhis (3 sınıf),Meta veri saldırganı (HistGB),Büyüklük,5,6788,0.7649507927244101,0.0012454021134340053,0.5751915144372421,0.0020026688824945653,0.5753855072169578,0.00178229277617227,0.5809387988980472,0.0023643322507458844,0.5753855072169578,0.00178229277617227,0.5752755248988091,0.0018967244580321931,0.5749581957446767,0.001998686014514104
A_covidqu_sekil,Tablo II,COVID-QU-Ex,Teşhis (3 sınıf),Meta veri saldırganı (HistGB),Şekil,5,6788,0.7801774187301314,0.0004857997613899016,0.5894225103123159,0.0016104309891776022,0.5912939499711717,0.001520728181187579,0.5950899240622796,0.0018400033973091858,0.5912939499711717,0.001520728181187579,0.5909782406750652,0.001594248909637811,0.5894425563583352,0.0016614374191561924
A_covidqu_tumu,Tablo II,COVID-QU-Ex,Teşhis (3 sınıf),Meta veri saldırganı (HistGB),Tümü,5,6788,0.8336520742428075,0.0003336107218993073,0.6498526812021215,0.002112882335215972,0.6520094652306728,0.0020298683843193127,0.6527421035169285,0.0021167576568593724,0.6520094652306728,0.0020298683843193127,0.6507498481089714,0.002164625604494211,0.6493221661951203,0.0022087601411325554
A_covidqu_np_tumu,Tablo II,COVID-QU-Ex,Normal / COVID dışı pnömoni,Meta veri saldırganı (HistGB),Tümü,5,4393,0.9044255841640014,0.0012059190791942921,0.8287275210562258,0.002423001883129582,0.8290758324311096,0.0024680986121962422,0.8288956185012198,0.0024911585575486794,0.8290758324311096,0.0024680986121962422,0.8287166391228962,0.002427425859318631,0.8287510236807215,0.002419523887117811
A_kaggle_np_boyut,Tablo II,Kaggle CXR,Normal / pnömoni,Meta veri saldırganı (HistGB),Girdi boyutu,5,1172,0.9338240448650543,0.0,0.8703071672354948,0.0,0.8297267880532037,1.2412670766236366e-16,0.8379563976024353,0.0,0.8297267880532037,1.2412670766236366e-16,0.8336787777615948,0.0,0.8695080023742461,0.0
B_beyin_tam,Tablo III,Beyin MR,Tümör tipi (3 sınıf),Bağlam saldırganı (ResNet-18),Tam (şifresiz),5,3064,0.9843404529892579,0.0012073607310348585,0.9368798955613578,0.002337598509069157,0.9259850291730387,0.002205306323196158,0.9298283926075394,0.0032156368582679094,0.9259850291730387,0.002205306323196158,0.9270624207648147,0.0026057090426509642,0.9362534220493135,0.0023102404280327554
B_covidqu_tam,Tablo III,COVID-QU-Ex,Teşhis (3 sınıf),Bağlam saldırganı (ResNet-18),Tam (şifresiz),5,6788,0.9965687587400339,0.00020892794745234154,0.9703005303476722,0.0012783673040610685,0.969895375406155,0.0012854120107309124,0.9696418307838162,0.00129694957834718,0.969895375406155,0.0012854120107309124,0.9697337197612252,0.0012911349909964234,0.9703491278288313,0.0012712096710793047
B_beyin_yalniz_roi,Tablo III,Beyin MR,Tümör tipi (3 sınıf),Bağlam saldırganı (ResNet-18),Yalnız ROI,1,3064,0.9683280003985484,,0.881201044386423,,0.8652675757983957,,0.8783984123701866,,0.8652675757983957,,0.8709886466034956,,0.880329591692075,
B_covidqu_yalniz_roi,Tablo III,COVID-QU-Ex,Teşhis (3 sınıf),Bağlam saldırganı (ResNet-18),Yalnız ROI,1,6788,0.9904750987000579,,0.9337065409546258,,0.9345219222037708,,0.9338165583435153,,0.9345219222037708,,0.9335872526195179,,0.93382821764397,
B_beyin_baglam,Tablo III,Beyin MR,Tümör tipi (3 sınıf),Bağlam saldırganı (ResNet-18),Bağlam (Π_ROI görüşü),5,3064,0.9759160360973613,0.0007168989587021495,0.9133159268929504,0.0037892755283812276,0.9014551390242549,0.004196838568914488,0.9022556359345855,0.004797983319614819,0.9014551390242549,0.004196838568914488,0.9015505242901023,0.0043477599913966485,0.9125451213711473,0.003767199495533705
B_covidqu_baglam,Tablo III,COVID-QU-Ex,Teşhis (3 sınıf),Bağlam saldırganı (ResNet-18),Bağlam (Π_ROI görüşü),5,6788,0.9932040235167541,0.00012608602984718738,0.9529758397171479,0.0011430267967749092,0.9524093512912037,0.0012260626749091169,0.952187627985252,0.0012493202117496668,0.9524093512912037,0.0012260626749091169,0.9520995321273906,0.0011619968184324,0.953140209037618,0.001144708445974326
B_beyin_baglam_genis10,Tablo III,Beyin MR,Tümör tipi (3 sınıf),Bağlam saldırganı (ResNet-18),Bağlam + 10 piksel,1,3064,0.9705405942158968,,0.8991514360313316,,0.88142130411011,,0.8892046942650834,,0.88142130411011,,0.8844563764373928,,0.8973122398633636,
B_covidqu_baglam_genis10,Tablo III,COVID-QU-Ex,Teşhis (3 sınıf),Bağlam saldırganı (ResNet-18),Bağlam + 10 piksel,1,6788,0.9914907642782435,,0.9447554507955215,,0.9440838217873062,,0.9438933461875432,,0.9440838217873062,,0.9437642924617494,,0.9449610817866254,
B_beyin_baglam_genis20,Tablo III,Beyin MR,Tümör tipi (3 sınıf),Bağlam saldırganı (ResNet-18),Bağlam + 20 piksel,1,3064,0.9662607705895067,,0.8893603133159269,,0.8706280721494547,,0.8784450487920742,,0.8706280721494547,,0.8736055817202767,,0.8872146530057029,
B_covidqu_baglam_genis20,Tablo III,COVID-QU-Ex,Teşhis (3 sınıf),Bağlam saldırganı (ResNet-18),Bağlam + 20 piksel,1,6788,0.9889669450864904,,0.9309074837949323,,0.9302179750074755,,0.9301650571861507,,0.9302179750074755,,0.9298591795902831,,0.9311443039401799,
B_beyin_baglam_genis40,Tablo III,Beyin MR,Tümör tipi (3 sınıf),Bağlam saldırganı (ResNet-18),Bağlam + 40 piksel,5,3064,0.9674124695286771,0.001551039500692165,0.8907963446475197,0.0018112841939310264,0.8699416803353379,0.004485983015900849,0.8810783542419266,0.001250386718177334,0.8699416803353379,0.004485983015900849,0.8738164975418116,0.00328069119885633,0.887916447308496,0.0025307268136573226
B_covidqu_baglam_genis40,Tablo III,COVID-QU-Ex,Teşhis (3 sınıf),Bağlam saldırganı (ResNet-18),Bağlam + 40 piksel,5,6788,0.9556175013938135,0.001150632107914892,0.8414849734826164,0.002157604377707258,0.8409301745137687,0.0022913441735245843,0.8421830185840642,0.0018768613578632356,0.8409301745137687,0.0022913441735245843,0.8405247012211973,0.0022512019904703277,0.8413786793754829,0.0022950582576057445
B_beyin_kutu,Tablo III,Beyin MR,Tümör tipi (3 sınıf),Bağlam saldırganı (ResNet-18),Sınırlayıcı kutu,1,3064,0.973460101185017,,0.9056788511749347,,0.8929955652754997,,0.8925410008254225,,0.8929955652754997,,0.8924969512450541,,0.904823552874949,
B_covidqu_kutu,Tablo III,COVID-QU-Ex,Teşhis (3 sınıf),Bağlam saldırganı (ResNet-18),Sınırlayıcı kutu,1,6788,0.9839242048272235,,0.914407778432528,,0.9130644284732085,,0.9131282524693812,,0.9130644284732085,,0.9129830536403816,,0.914786720134552,
B_beyin_tam_kesit,Metin (kesit normalizasyonu),Beyin MR,Tümör tipi (3 sınıf),Bağlam saldırganı (ResNet-18),"Tam (şifresiz), kesit normalizasyonu",5,3064,0.9852124330008756,0.0005950939713489104,0.9371409921671017,0.0023827300585435853,0.9268456140072846,0.001953405837604003,0.9290658176231258,0.0036721952818174614,0.9268456140072846,0.001953405837604003,0.9272278448179158,0.0024775941970574897,0.9365921530933253,0.0022853315133531536
B_beyin_baglam_kesit,Metin (kesit normalizasyonu),Beyin MR,Tümör tipi (3 sınıf),Bağlam saldırganı (ResNet-18),"Bağlam (Π_ROI görüşü), kesit normalizasyonu",5,3064,0.9765429813224019,0.000851537278065779,0.9127284595300262,0.0017514892774149742,0.9003555175209916,0.0022286374336934673,0.9017911453265686,0.0014811549826138717,0.9003555175209916,0.0022286374336934673,0.9007089280554007,0.0017976023337396636,0.9118256934185673,0.0017808546179545258
B_beyin_yalniz_roi_kesit,Metin (kesit normalizasyonu),Beyin MR,Tümör tipi (3 sınıf),Bağlam saldırganı (ResNet-18),"Yalnız ROI, kesit normalizasyonu",1,3064,0.9781390642834568,,0.8988250652741514,,0.8868720004859972,,0.8953400828795125,,0.8868720004859972,,0.8907402865651849,,0.8983811533276563,
M_brain_D_U512,Tablo V,Beyin MR,Tümör tipi (3 sınıf),Model D,Tam görüntü (512×512),5,3064,0.8810785089913512,0.004384503006481328,0.7588772845953002,0.004344532974489244,0.7230594052345067,0.003733112924770146,0.7298408250578944,0.00557610712259202,0.7230594052345067,0.003733112924770146,0.7222567830432809,0.004311797235066295,0.7490783847097251,0.004102601623564128
M_brain_D_F32_G16,Tablo V,Beyin MR,Tümör tipi (3 sınıf),Model D,FoveaHE F32_G16,5,3064,0.9479442328969444,0.0010186798915760749,0.8372062663185378,0.0023238881356289873,0.8188340557259186,0.003388477152073328,0.8165163692219706,0.002890817000897077,0.8188340557259186,0.003388477152073328,0.81712793839924,0.0032461352900283666,0.8359558283926338,0.00261972719746104
M_brain_D_F64_G32,Tablo V,Beyin MR,Tümör tipi (3 sınıf),Model D,FoveaHE F64_G32,5,3064,0.9453905743542869,0.0017199691824317672,0.8338120104438642,0.0035856250566507165,0.8154678119296467,0.004833187848266365,0.8130881336463268,0.003799415612545457,0.8154678119296467,0.004833187848266365,0.8139596886518629,0.004303104604524345,0.832876042647883,0.0037842788576933034
M_brain_D_U64,Tablo V,Beyin MR,Tümör tipi (3 sınıf),Model D,Eş örnekli U64,5,3064,0.8815202100216165,0.0023167175490714804,0.7592689295039163,0.004788872274027321,0.7262074257203456,0.0054854279193430455,0.7320616672018698,0.0056914906172634665,0.7262074257203456,0.0054854279193430455,0.7260187678781047,0.005789547316197566,0.7511611904218392,0.0051928148703565165
M_brain_D_U64_pencere,Tablo V,Beyin MR,Tümör tipi (3 sınıf),Model D,U64 + geometri,5,3064,0.8816068928555773,0.0028162064422840804,0.7609660574412532,0.004942119773228937,0.7260431111216763,0.006295345936278053,0.7333533464123753,0.006307148373075973,0.7260431111216763,0.006295345936278053,0.7260224864334875,0.006225495907020936,0.7521359883732534,0.005137151859662947
M_brain_D2_U512,Tablo V,Beyin MR,Tümör tipi (3 sınıf),Model D2,Tam görüntü (512×512),5,3064,0.87189131537376,0.0062078372258211065,0.7549608355091384,0.008945178858029177,0.7091075876313712,0.009523477110994877,0.728921418824022,0.011309248491375778,0.7091075876313712,0.009523477110994877,0.7121612316173571,0.01057663022515209,0.7428379602849604,0.00953515909303045
M_brain_D2_F32_G16,Tablo V,Beyin MR,Tümör tipi (3 sınıf),Model D2,FoveaHE F32_G16,5,3064,0.9085100957473522,0.005805998061672669,0.8077676240208878,0.005619835299517805,0.7743008375527928,0.00595454768423724,0.7999513930988729,0.004418506874398509,0.7743008375527928,0.00595454768423724,0.7836461080984916,0.005177142287292683,0.80365169256122,0.00556475136206643
M_brain_D2_F64_G32,Tablo V,Beyin MR,Tümör tipi (3 sınıf),Model D2,FoveaHE F64_G32,5,3064,0.9102863450056937,0.004760095643393526,0.8037859007832898,0.005668901280111206,0.7708530835730304,0.004822425249471161,0.7950643809801832,0.007662692018966572,0.7708530835730304,0.004822425249471161,0.7798781375575332,0.005302821895723617,0.8000319675070969,0.005135537735400476
M_brain_D2_U64,Tablo V,Beyin MR,Tümör tipi (3 sınıf),Model D2,Eş örnekli U64,5,3064,0.8639727101413005,0.00476795751464162,0.7524151436031332,0.004766577589283846,0.7052501697028285,0.005354103116463982,0.7278276705220661,0.004870766279924611,0.7052501697028285,0.005354103116463982,0.7080674866263152,0.005255909011062271,0.7388319095092035,0.004328746817664122
M_brain_D2_U64_pencere,Tablo V,Beyin MR,Tümör tipi (3 sınıf),Model D2,U64 + geometri,5,3064,0.8603923632788476,0.008893750763371976,0.7505221932114883,0.006687017444687697,0.709675121433269,0.007766954119617582,0.726279987647355,0.0045454155718870305,0.709675121433269,0.007766954119617582,0.7140827835665411,0.0067392746091274386,0.7424575591976057,0.0065803336726440054
M_brain_C_U512,Tablo V,Beyin MR,Tümör tipi (3 sınıf),Model C,Tam görüntü (512×512),5,3064,0.8518413896605754,0.007621663524516575,0.7216710182767624,0.01174572035694575,0.6809134106174543,0.012982559942099228,0.6871785639286758,0.013078399834909198,0.6809134106174543,0.012982559942099228,0.6795657235740621,0.013551339742046338,0.7100795896923593,0.01282378825075515
M_brain_C_F32_G16,Tablo V,Beyin MR,Tümör tipi (3 sınıf),Model C,FoveaHE F32_G16,5,3064,0.9437192917246005,0.005970822471151291,0.8411227154046997,0.010498287539927072,0.8175197502396969,0.012777323464005954,0.8248371770790337,0.011081999462670042,0.8175197502396969,0.012777323464005954,0.8206057975142815,0.012002323766736612,0.8395370622737852,0.010970979531637535
M_brain_C_F64_G32,Tablo V,Beyin MR,Tümör tipi (3 sınıf),Model C,FoveaHE F64_G32,5,3064,0.9266986940309039,0.014416870160412756,0.8186031331592689,0.02265093000146683,0.792086459959377,0.026838030563375796,0.7993599121579096,0.025094611277999543,0.792086459959377,0.026838030563375796,0.7946788149219433,0.026435246261676548,0.8154497355802078,0.023888787898562837
M_brain_C_U64,Tablo V,Beyin MR,Tümör tipi (3 sınıf),Model C,Eş örnekli U64,5,3064,0.8481805108383643,0.007795104340865361,0.7167754569190601,0.006796822839712439,0.6735932097738264,0.00760433552788237,0.6819025740069218,0.008550610665242684,0.6735932097738264,0.00760433552788237,0.6728990060371975,0.008927643129772287,0.7048339155746277,0.0077622302535824625
M_brain_C_U64_pencere,Tablo V,Beyin MR,Tümör tipi (3 sınıf),Model C,U64 + geometri,5,3064,0.8512042302173111,0.006776288396620562,0.7201697127937337,0.0077529371650766656,0.6795175685348505,0.008242032158395337,0.6860345804859831,0.008321187042441433,0.6795175685348505,0.008242032158395337,0.678850206545456,0.009263839399903473,0.7098882417202432,0.007243144094668088
M_covidqu_D_U256,Tablo V,COVID-QU-Ex,Teşhis (3 sınıf),Model D,Tam görüntü (256×256),5,6788,0.8952634040217615,0.006178201501387549,0.7546552740129642,0.009544280006323737,0.75413142136676,0.00932368002333825,0.7560032969884096,0.009229558932998877,0.75413142136676,0.00932368002333825,0.7542319952753834,0.009581512978634701,0.7546216934366504,0.00949208520158118
M_covidqu_D_F32_G16,Tablo V,COVID-QU-Ex,Teşhis (3 sınıf),Model D,FoveaHE F32_G16,5,6788,0.9150723463515243,0.0015403154238918756,0.7681791396582204,0.0033164730265775556,0.768776380894344,0.0032052789961426274,0.7690056790342645,0.003600116718940233,0.768776380894344,0.0032052789961426274,0.7686231962179457,0.0033516534454227213,0.7679686010113626,0.0033729458251134394
M_covidqu_D_F64_G32,Tablo V,COVID-QU-Ex,Teşhis (3 sınıf),Model D,FoveaHE F64_G32,5,6788,0.9150298007685531,0.0016614780743375304,0.7710960518562169,0.003213103698721106,0.7719012282775102,0.0032649331606149305,0.7715830680794108,0.003081001114348627,0.7719012282775102,0.0032649331606149305,0.7714057469469731,0.0032415893007539756,0.770822569697218,0.00324115023465005
M_covidqu_D_U64,Tablo V,COVID-QU-Ex,Teşhis (3 sınıf),Model D,Eş örnekli U64,5,6788,0.86538251439991,0.0017562184705205907,0.7104007071302298,0.0032948072280242877,0.7110646843309792,0.003041743128869172,0.712214944156711,0.003875129160513856,0.7110646843309792,0.003041743128869172,0.7112648350001127,0.0033965847200955563,0.710449367870381,0.0034487263096690036
M_covidqu_D_U64_pencere,Tablo V,COVID-QU-Ex,Teşhis (3 sınıf),Model D,U64 + geometri,5,6788,0.8673803906944716,0.0017995642727827118,0.7118738951090159,0.0028459612589377295,0.7124571865390061,0.002805563027532891,0.7136576561606963,0.0030642044144072907,0.7124571865390061,0.002805563027532891,0.7126027676944946,0.002826611515802396,0.7118886406576983,0.0028733790772944544
M_covidqu_D2_U256,Tablo V,COVID-QU-Ex,Teşhis (3 sınıf),Model D2,Tam görüntü (256×256),5,6788,0.9460452880907045,0.0011852257611472165,0.8396876841484973,0.004008046087541506,0.8392475264356655,0.003890235484069807,0.8392590875551565,0.003790746028326363,0.8392475264356655,0.003890235484069807,0.8391006663551673,0.003915549969112997,0.8397832395154214,0.004000903071669782
M_covidqu_D2_F32_G16,Tablo V,COVID-QU-Ex,Teşhis (3 sınıf),Model D2,FoveaHE F32_G16,5,6788,0.95425129885337,0.0016544123110417465,0.843429581614614,0.003351947816343196,0.8440576731947234,0.0034391074782910654,0.8434807307744062,0.0032437566651228643,0.8440576731947234,0.0034391074782910654,0.8433992947714029,0.0033570223149286286,0.8434185440786802,0.003366091168836965
M_covidqu_D2_F64_G32,Tablo V,COVID-QU-Ex,Teşhis (3 sınıf),Model D2,FoveaHE F64_G32,5,6788,0.9518766187533692,0.0012621417475959678,0.8369475545079552,0.0055917139232832735,0.8372520324352738,0.005746573761116993,0.83703884237222,0.005519080825431572,0.8372520324352738,0.005746573761116993,0.8368420768562409,0.005555703874473284,0.8369397086513384,0.005606606363719077
M_covidqu_D2_U64,Tablo V,COVID-QU-Ex,Teşhis (3 sınıf),Model D2,Eş örnekli U64,5,6788,0.9376964007675509,0.0017698215597292905,0.8200058927519152,0.005359853887883265,0.8201816001578919,0.005020842991781813,0.8197901600546205,0.005302647329945037,0.8201816001578919,0.005020842991781813,0.8198858325133974,0.0052009993275097385,0.8199936828576003,0.005341254828026457
M_covidqu_D2_U64_pencere,Tablo V,COVID-QU-Ex,Teşhis (3 sınıf),Model D2,U64 + geometri,5,6788,0.9374190813680929,0.0014235589091408053,0.8194166175604007,0.0040457722420786345,0.8195715418079503,0.00375591910465485,0.8195441299628768,0.003949080728146545,0.8195715418079503,0.00375591910465485,0.8193691313375279,0.004037408263053744,0.8194323525627144,0.00400296513840723
M_covidqu_C_U256,Tablo V,COVID-QU-Ex,Teşhis (3 sınıf),Model C,Tam görüntü (256×256),5,6788,0.9249374679852215,0.009106330607406413,0.7979964643488509,0.013684956893461945,0.7972876436720666,0.013497185844425994,0.7992877473215648,0.012190802911264908,0.7972876436720666,0.013497185844425994,0.7970365864254558,0.013510306249865508,0.7978391775529494,0.013641056449436436
M_covidqu_C_F32_G16,Tablo V,COVID-QU-Ex,Teşhis (3 sınıf),Model C,FoveaHE F32_G16,5,6788,0.930003875111411,0.0021887141651130335,0.7971125515615792,0.007067004193657067,0.7971234708767888,0.0076385347096023,0.7989777341446056,0.005181291290065175,0.7971234708767888,0.0076385347096023,0.7970858783896577,0.007198120111881465,0.7970282796224714,0.007065788403835863
M_covidqu_C_F64_G32,Tablo V,COVID-QU-Ex,Teşhis (3 sınıf),Model C,FoveaHE F64_G32,5,6788,0.9349230936262323,0.001680115725530445,0.8068945197407189,0.006087850173212368,0.8065516480709934,0.006334089461442705,0.8086199169896728,0.006061883289764411,0.8065516480709934,0.006334089461442705,0.8069176083463093,0.0061879671190474056,0.806958983419014,0.006101681890889372
M_covidqu_C_U64,Tablo V,COVID-QU-Ex,Teşhis (3 sınıf),Model C,Eş örnekli U64,5,6788,0.9173606642320641,0.003727177099494004,0.7826458456098999,0.011946727968230068,0.7824116123101981,0.011560532475187827,0.7834670918380237,0.010837965093668326,0.7824116123101981,0.011560532475187827,0.782400327441888,0.011858207191031166,0.7826500789324802,0.012007570794933817
M_covidqu_C_U64_pencere,Tablo V,COVID-QU-Ex,Teşhis (3 sınıf),Model C,U64 + geometri,5,6788,0.9185875264419036,0.005154540354664933,0.7854154390100178,0.009061962335771338,0.7852289387384025,0.00904008144141348,0.7860051962111894,0.007820897459878373,0.7852289387384025,0.00904008144141348,0.7851092442331999,0.008994707060059393,0.7854101338675858,0.009083424238940208
Ozet_brain_D,Tablo VIII,Beyin MR,Tümör tipi (3 sınıf),Şifreli özet + Model D,ResNet-18 özeti (512 değer),5,3064,0.9550728216418944,0.001032306763048047,0.8639033942558747,0.0013653068318114794,0.847864306410673,0.0014322134213855223,0.8452559909793755,0.0018987746301376673,0.847864306410673,0.0014322134213855223,0.8461607372080433,0.0015539925591617693,0.8629637904456118,0.001268561365461851
Ozet_covidqu_D2,Tablo VIII,COVID-QU-Ex,Teşhis (3 sınıf),Şifreli özet + Model D2,ResNet-18 özeti (512 değer),5,6788,0.9815131500987494,0.0008804718671464557,0.9107542722451385,0.003416081194535032,0.9100038309674023,0.0036131047192838072,0.9098509826652157,0.0034962374873980058,0.9100038309674023,0.0036131047192838072,0.9098680556948452,0.003558959788021959,0.9107873517456119,0.0034960971220825256
Bozuk_beyin,Tablo VIII,Beyin MR,Tümör tipi (3 sınıf),Bağlam saldırganı (ResNet-18),Bağlam + Gauss gürültüsü (σ = 0.4),1,3064,0.966994190570326,,0.8952349869451697,,0.8797892515378907,,0.8847165318314781,,0.8797892515378907,,0.8819506350119015,,0.8941172426507024,
Bozuk_covidqu,Tablo VIII,COVID-QU-Ex,Teşhis (3 sınıf),Bağlam saldırganı (ResNet-18),Bağlam + Gauss gürültüsü (σ = 0.4),1,6788,0.9833616686517184,,0.8724219210371243,,0.8729337047932993,,0.888233396336251,,0.8729337047932993,,0.8738744752892801,,0.8741011198953421,
R_brain_tam,Metin (bilgi düzeyi),Beyin MR,Tümör tipi (3 sınıf),ResNet-18 (bilgi üst sınırı),Tam (224×224),5,3064,0.9840858779215587,0.0011410570058629848,0.9360313315926894,0.0018890073274788453,0.9248631151892616,0.0016257521852119407,0.9287808380891722,0.003383195371001911,0.9248631151892616,0.0016257521852119407,0.9259345773766846,0.0020232605255419305,0.9353512184861025,0.0017398587109735016
R_brain_F32_G16,Metin (bilgi düzeyi),Beyin MR,Tümör tipi (3 sınıf),ResNet-18 (bilgi üst sınırı),FoveaHE F32_G16,5,3064,0.9918635809709228,0.0009106526877656688,0.9543733681462141,0.004663791299711784,0.9466019022564535,0.005510487998625172,0.948150777415907,0.0053417921711726634,0.9466019022564535,0.005510487998625172,0.9472161198130612,0.005339654698260501,0.9541532385702011,0.004730462439404658
R_brain_F64_G32,Metin (bilgi düzeyi),Beyin MR,Tümör tipi (3 sınıf),ResNet-18 (bilgi üst sınırı),FoveaHE F64_G32,5,3064,0.9935934100879857,0.0005674595395585039,0.9580939947780678,0.0015238404086068676,0.9503171131765992,0.002386165748357789,0.9529122801470937,0.0024999088344854455,0.9503171131765992,0.002386165748357789,0.9514533808479362,0.0016930627552217076,0.9578705987174789,0.0015486222179658716
R_brain_tam_pencere,Metin (bilgi düzeyi),Beyin MR,Tümör tipi (3 sınıf),ResNet-18 (bilgi üst sınırı),Tam + pencere kanalı,5,3064,0.9908723700291262,0.0011136691041975957,0.9580287206266318,0.004794429746332611,0.9490070865788173,0.005626726091612579,0.9545118986096952,0.005427268847372932,0.9490070865788173,0.005626726091612579,0.9512158457165383,0.005484087139181507,0.957632756547048,0.004867807012677963
R_covidqu_tam,Metin (bilgi düzeyi),COVID-QU-Ex,Teşhis (3 sınıf),ResNet-18 (bilgi üst sınırı),Tam (224×224),5,6788,0.9964186720719643,0.00012711862932887242,0.9694755450795522,0.0011190411912099722,0.969115179144014,0.0010128073615852406,0.9688291824401661,0.0011019692281770918,0.969115179144014,0.0010128073615852406,0.9689310317129403,0.0010806304173180486,0.9695372681355506,0.0010934769342827201
R_covidqu_F32_G16,Metin (bilgi düzeyi),COVID-QU-Ex,Teşhis (3 sınıf),ResNet-18 (bilgi üst sınırı),FoveaHE F32_G16,5,6788,0.9936709495892402,0.00013892316158642116,0.951797289334119,0.001584618952212705,0.9513060151283202,0.0015217197205655145,0.9512587048295087,0.0015524487365916487,0.9513060151283202,0.0015217197205655145,0.9512082562047247,0.0015503147073152883,0.9518985077907971,0.0015620538780835508
R_covidqu_F64_G32,Metin (bilgi düzeyi),COVID-QU-Ex,Teşhis (3 sınıf),ResNet-18 (bilgi üst sınırı),FoveaHE F64_G32,5,6788,0.995147179177386,0.00027886696956060206,0.9604596346493812,0.0020979355473090978,0.9599706816623556,0.002053851544147022,0.9599921893276246,0.0020677041367577987,0.9599706816623556,0.002053851544147022,0.9598926443940403,0.0020895749381303944,0.960547945424462,0.002080738131379188
