anahtar,tablo,veri,model,girdi,sinif,kesinlik,duyarlilik,f1,destek
A_beyin_girdi_boyutu,Tablo II,Beyin MR,Meta veri saldırganı (HistGB),Girdi boyutu,Meningiom,0.0,0.0,0.0,708
A_beyin_girdi_boyutu,Tablo II,Beyin MR,Meta veri saldırganı (HistGB),Girdi boyutu,Gliom,0.46540469973890347,1.0,0.6351893095768374,1426
A_beyin_girdi_boyutu,Tablo II,Beyin MR,Meta veri saldırganı (HistGB),Girdi boyutu,Hipofiz tümörü,0.0,0.0,0.0,930
A_beyin_konum,Tablo II,Beyin MR,Meta veri saldırganı (HistGB),Konum,Meningiom,0.36401673640167365,0.2457627118644068,0.2934232715008432,708
A_beyin_konum,Tablo II,Beyin MR,Meta veri saldırganı (HistGB),Konum,Gliom,0.6602959309494452,0.7510518934081346,0.702755905511811,1426
A_beyin_konum,Tablo II,Beyin MR,Meta veri saldırganı (HistGB),Konum,Hipofiz tümörü,0.7780082987551867,0.8064516129032258,0.791974656810982,930
A_beyin_buyukluk,Tablo II,Beyin MR,Meta veri saldırganı (HistGB),Büyüklük,Meningiom,0.3080357142857143,0.19491525423728814,0.23875432525951554,708
A_beyin_buyukluk,Tablo II,Beyin MR,Meta veri saldırganı (HistGB),Büyüklük,Gliom,0.6110381077529566,0.6521739130434783,0.6309362279511533,1426
A_beyin_buyukluk,Tablo II,Beyin MR,Meta veri saldırganı (HistGB),Büyüklük,Hipofiz tümörü,0.5393053016453382,0.6344086021505376,0.5830039525691699,930
A_beyin_sekil,Tablo II,Beyin MR,Meta veri saldırganı (HistGB),Şekil,Meningiom,0.33861386138613864,0.24152542372881353,0.28194558944765047,708
A_beyin_sekil,Tablo II,Beyin MR,Meta veri saldırganı (HistGB),Şekil,Gliom,0.6204896907216495,0.6753155680224404,0.6467427803895232,1426
A_beyin_sekil,Tablo II,Beyin MR,Meta veri saldırganı (HistGB),Şekil,Hipofiz tümörü,0.573982125124131,0.621505376344086,0.5967991739803821,930
A_beyin_tumu,Tablo II,Beyin MR,Meta veri saldırganı (HistGB),Tümü,Meningiom,0.46303501945525294,0.3361581920903955,0.3895253682487725,708
A_beyin_tumu,Tablo II,Beyin MR,Meta veri saldırganı (HistGB),Tümü,Gliom,0.7018673535093368,0.7643758765778401,0.7317891910036926,1426
A_beyin_tumu,Tablo II,Beyin MR,Meta veri saldırganı (HistGB),Tümü,Hipofiz tümörü,0.7873620862587764,0.8440860215053764,0.8147379346133887,930
A_covidqu_konum,Tablo II,COVID-QU-Ex,Meta veri saldırganı (HistGB),Konum,COVID-19,0.5265586570839333,0.5438830897703549,0.5350594080769767,2395
A_covidqu_konum,Tablo II,COVID-QU-Ex,Meta veri saldırganı (HistGB),Konum,COVID dışı pnömoni,0.5538520210586121,0.42734132268086994,0.4824222978686666,2253
A_covidqu_konum,Tablo II,COVID-QU-Ex,Meta veri saldırganı (HistGB),Konum,Normal,0.5430291781836178,0.6535514018691588,0.5931784702346565,2140
A_covidqu_buyukluk,Tablo II,COVID-QU-Ex,Meta veri saldırganı (HistGB),Büyüklük,COVID-19,0.5442619900939958,0.5964091858037579,0.5691295304291709,2395
A_covidqu_buyukluk,Tablo II,COVID-QU-Ex,Meta veri saldırganı (HistGB),Büyüklük,COVID dışı pnömoni,0.6364782957557866,0.5162893919218818,0.5700825894254208,2253
A_covidqu_buyukluk,Tablo II,COVID-QU-Ex,Meta veri saldırganı (HistGB),Büyüklük,Normal,0.5620761108443596,0.6134579439252337,0.5866144548418355,2140
A_covidqu_sekil,Tablo II,COVID-QU-Ex,Meta veri saldırganı (HistGB),Şekil,COVID-19,0.5332806584672309,0.5579958246346555,0.5453535749851576,2395
A_covidqu_sekil,Tablo II,COVID-QU-Ex,Meta veri saldırganı (HistGB),Şekil,COVID dışı pnömoni,0.658358089415872,0.5540168664003551,0.6016867770375602,2253
A_covidqu_sekil,Tablo II,COVID-QU-Ex,Meta veri saldırganı (HistGB),Şekil,Normal,0.5936310243037363,0.6618691588785046,0.6258943700024782,2140
A_covidqu_tumu,Tablo II,COVID-QU-Ex,Meta veri saldırganı (HistGB),Tümü,COVID-19,0.6099429890191891,0.608517745302714,0.6092188041620797,2395
A_covidqu_tumu,Tablo II,COVID-QU-Ex,Meta veri saldırganı (HistGB),Tümü,COVID dışı pnömoni,0.7018304851189383,0.6205947625388372,0.6587083558544232,2253
A_covidqu_tumu,Tablo II,COVID-QU-Ex,Meta veri saldırganı (HistGB),Tümü,Normal,0.6464528364126582,0.7269158878504672,0.6843223843104111,2140
A_covidqu_np_tumu,Tablo II,COVID-QU-Ex,Meta veri saldırganı (HistGB),Tümü,Normal,0.812688373888454,0.8426168224299065,0.8273799014014156,2140
A_covidqu_np_tumu,Tablo II,COVID-QU-Ex,Meta veri saldırganı (HistGB),Tümü,COVID dışı pnömoni,0.8451028631139856,0.8155348424323124,0.8300533768443767,2253
A_kaggle_np_boyut,Tablo II,Kaggle CXR,Meta veri saldırganı (HistGB),Girdi boyutu,Normal,0.7704918032786885,0.7413249211356467,0.7556270096463023,317
A_kaggle_np_boyut,Tablo II,Kaggle CXR,Meta veri saldırganı (HistGB),Girdi boyutu,Pnömoni,0.9054209919261822,0.9181286549707602,0.9117305458768874,855
B_beyin_tam,Tablo III,Beyin MR,Bağlam saldırganı (ResNet-18),Tam (şifresiz),Meningiom,0.9082022127404528,0.8403954802259885,0.8729477266808999,708
B_beyin_tam,Tablo III,Beyin MR,Bağlam saldırganı (ResNet-18),Tam (şifresiz),Gliom,0.9643278828017479,0.9549789621318373,0.959618400299241,1426
B_beyin_tam,Tablo III,Beyin MR,Bağlam saldırganı (ResNet-18),Tam (şifresiz),Hipofiz tümörü,0.9169550822804172,0.9825806451612904,0.9486211353143034,930
B_covidqu_tam,Tablo III,COVID-QU-Ex,Bağlam saldırganı (ResNet-18),Tam (şifresiz),COVID-19,0.9935195039102964,0.9855532359081419,0.9895173317831837,2395
B_covidqu_tam,Tablo III,COVID-QU-Ex,Bağlam saldırganı (ResNet-18),Tam (şifresiz),COVID dışı pnömoni,0.9652565148823159,0.9588992454505105,0.9620573383214918,2253
B_covidqu_tam,Tablo III,COVID-QU-Ex,Bağlam saldırganı (ResNet-18),Tam (şifresiz),Normal,0.950149473558836,0.9652336448598131,0.9576264891790004,2140
B_beyin_yalniz_roi,Tablo III,Beyin MR,Bağlam saldırganı (ResNet-18),Yalnız ROI,Meningiom,0.871875,0.788135593220339,0.827893175074184,708
B_beyin_yalniz_roi,Tablo III,Beyin MR,Bağlam saldırganı (ResNet-18),Yalnız ROI,Gliom,0.8904569892473119,0.9291725105189341,0.9094028826355525,1426
B_beyin_yalniz_roi,Tablo III,Beyin MR,Bağlam saldırganı (ResNet-18),Yalnız ROI,Hipofiz tümörü,0.8728632478632479,0.878494623655914,0.8756698821007503,930
B_covidqu_yalniz_roi,Tablo III,COVID-QU-Ex,Bağlam saldırganı (ResNet-18),Yalnız ROI,COVID-19,0.9710080285459411,0.9089770354906054,0.9389691610955359,2395
B_covidqu_yalniz_roi,Tablo III,COVID-QU-Ex,Bağlam saldırganı (ResNet-18),Yalnız ROI,COVID dışı pnömoni,0.9287587412587412,0.9431868619618287,0.9359171988548778,2253
B_covidqu_yalniz_roi,Tablo III,COVID-QU-Ex,Bağlam saldırganı (ResNet-18),Yalnız ROI,Normal,0.9016829052258636,0.9514018691588785,0.9258753979081401,2140
B_beyin_baglam,Tablo III,Beyin MR,Bağlam saldırganı (ResNet-18),Bağlam (Π_ROI görüşü),Meningiom,0.8340299890899754,0.7971751412429379,0.8151344363466404,708
B_beyin_baglam,Tablo III,Beyin MR,Bağlam saldırganı (ResNet-18),Bağlam (Π_ROI görüşü),Gliom,0.9335762139338917,0.9280504908835905,0.9307905927031543,1426
B_beyin_baglam,Tablo III,Beyin MR,Bağlam saldırganı (ResNet-18),Bağlam (Π_ROI görüşü),Hipofiz tümörü,0.9391607047798891,0.9791397849462365,0.9587265438205123,930
B_covidqu_baglam,Tablo III,COVID-QU-Ex,Bağlam saldırganı (ResNet-18),Bağlam (Π_ROI görüşü),COVID-19,0.9935650980815588,0.9785386221294363,0.9859894056778495,2395
B_covidqu_baglam,Tablo III,COVID-QU-Ex,Bağlam saldırganı (ResNet-18),Bağlam (Π_ROI görüşü),COVID dışı pnömoni,0.9490769486470381,0.9274744784731469,0.9381366747048837,2253
B_covidqu_baglam,Tablo III,COVID-QU-Ex,Bağlam saldırganı (ResNet-18),Bağlam (Π_ROI görüşü),Normal,0.9139208372271593,0.951214953271028,0.9321725159994388,2140
B_beyin_baglam_genis10,Tablo III,Beyin MR,Bağlam saldırganı (ResNet-18),Bağlam + 10 piksel,Meningiom,0.8197492163009404,0.7387005649717514,0.7771173848439822,708
B_beyin_baglam_genis10,Tablo III,Beyin MR,Bağlam saldırganı (ResNet-18),Bağlam + 10 piksel,Gliom,0.9048596851471595,0.9270687237026648,0.915829580879806,1426
B_beyin_baglam_genis10,Tablo III,Beyin MR,Bağlam saldırganı (ResNet-18),Bağlam + 10 piksel,Hipofiz tümörü,0.9430051813471503,0.978494623655914,0.9604221635883905,930
B_covidqu_baglam_genis10,Tablo III,COVID-QU-Ex,Bağlam saldırganı (ResNet-18),Bağlam + 10 piksel,COVID-19,0.991928632115548,0.9749478079331941,0.9833649189303011,2395
B_covidqu_baglam_genis10,Tablo III,COVID-QU-Ex,Bağlam saldırganı (ResNet-18),Bağlam + 10 piksel,COVID dışı pnömoni,0.9380974055530269,0.914780292942743,0.9262921348314607,2253
B_covidqu_baglam_genis10,Tablo III,COVID-QU-Ex,Bağlam saldırganı (ResNet-18),Bağlam + 10 piksel,Normal,0.9016540008940546,0.9425233644859813,0.9216358236234864,2140
B_beyin_baglam_genis20,Tablo III,Beyin MR,Bağlam saldırganı (ResNet-18),Bağlam + 20 piksel,Meningiom,0.7981072555205048,0.7146892655367232,0.7540983606557377,708
B_beyin_baglam_genis20,Tablo III,Beyin MR,Bağlam saldırganı (ResNet-18),Bağlam + 20 piksel,Gliom,0.8921501706484641,0.9165497896213184,0.9041854029747493,1426
B_beyin_baglam_genis20,Tablo III,Beyin MR,Bağlam saldırganı (ResNet-18),Bağlam + 20 piksel,Hipofiz tümörü,0.9450777202072539,0.9806451612903225,0.9625329815303431,930
B_covidqu_baglam_genis20,Tablo III,COVID-QU-Ex,Bağlam saldırganı (ResNet-18),Bağlam + 20 piksel,COVID-19,0.9808754781130472,0.9636743215031315,0.9721988205560236,2395
B_covidqu_baglam_genis20,Tablo III,COVID-QU-Ex,Bağlam saldırganı (ResNet-18),Bağlam + 20 piksel,COVID dışı pnömoni,0.9274230592558567,0.8961384820239681,0.9115124153498871,2253
B_covidqu_baglam_genis20,Tablo III,COVID-QU-Ex,Bağlam saldırganı (ResNet-18),Bağlam + 20 piksel,Normal,0.8821966341895483,0.930841121495327,0.9058663028649386,2140
B_beyin_baglam_genis40,Tablo III,Beyin MR,Bağlam saldırganı (ResNet-18),Bağlam + 40 piksel,Meningiom,0.809926278021802,0.6997175141242938,0.7505794689563867,708
B_beyin_baglam_genis40,Tablo III,Beyin MR,Bağlam saldırganı (ResNet-18),Bağlam + 40 piksel,Gliom,0.8896149540180955,0.9225806451612903,0.9057592913707566,1426
B_beyin_baglam_genis40,Tablo III,Beyin MR,Bağlam saldırganı (ResNet-18),Bağlam + 40 piksel,Hipofiz tümörü,0.9436938306858824,0.9875268817204301,0.9651107322982915,930
B_covidqu_baglam_genis40,Tablo III,COVID-QU-Ex,Bağlam saldırganı (ResNet-18),Bağlam + 40 piksel,COVID-19,0.8601551875914989,0.8774947807933193,0.868617111664799,2395
B_covidqu_baglam_genis40,Tablo III,COVID-QU-Ex,Bağlam saldırganı (ResNet-18),Bağlam + 40 piksel,COVID dışı pnömoni,0.8688026248727507,0.7917443408788283,0.8284294715590018,2253
B_covidqu_baglam_genis40,Tablo III,COVID-QU-Ex,Bağlam saldırganı (ResNet-18),Bağlam + 40 piksel,Normal,0.7975912432879431,0.8535514018691588,0.8245275204397915,2140
B_beyin_kutu,Tablo III,Beyin MR,Bağlam saldırganı (ResNet-18),Sınırlayıcı kutu,Meningiom,0.8088235294117647,0.7768361581920904,0.792507204610951,708
B_beyin_kutu,Tablo III,Beyin MR,Bağlam saldırganı (ResNet-18),Sınırlayıcı kutu,Gliom,0.9284702549575071,0.9193548387096774,0.9238900634249472,1426
B_beyin_kutu,Tablo III,Beyin MR,Bağlam saldırganı (ResNet-18),Sınırlayıcı kutu,Hipofiz tümörü,0.9403292181069959,0.9827956989247312,0.961093585699264,930
B_covidqu_kutu,Tablo III,COVID-QU-Ex,Bağlam saldırganı (ResNet-18),Sınırlayıcı kutu,COVID-19,0.9850427350427351,0.9624217118997912,0.9736008447729673,2395
B_covidqu_kutu,Tablo III,COVID-QU-Ex,Bağlam saldırganı (ResNet-18),Sınırlayıcı kutu,COVID dışı pnömoni,0.8867082961641392,0.8823790501553485,0.8845383759733036,2253
B_covidqu_kutu,Tablo III,COVID-QU-Ex,Bağlam saldırganı (ResNet-18),Sınırlayıcı kutu,Normal,0.8676337262012692,0.8943925233644859,0.8808099401748735,2140
B_beyin_tam_kesit,Metin (kesit normalizasyonu),Beyin MR,Bağlam saldırganı (ResNet-18),"Tam (şifresiz), kesit normalizasyonu",Meningiom,0.90068758051861,0.8432203389830508,0.8709343498495322,708
B_beyin_tam_kesit,Metin (kesit normalizasyonu),Beyin MR,Bağlam saldırganı (ResNet-18),"Tam (şifresiz), kesit normalizasyonu",Gliom,0.9668522396400689,0.9530154277699859,0.9598792252067725,1426
B_beyin_tam_kesit,Metin (kesit normalizasyonu),Beyin MR,Bağlam saldırganı (ResNet-18),"Tam (şifresiz), kesit normalizasyonu",Hipofiz tümörü,0.9196576327106983,0.9843010752688173,0.950869959397443,930
B_beyin_baglam_kesit,Metin (kesit normalizasyonu),Beyin MR,Bağlam saldırganı (ResNet-18),"Bağlam (Π_ROI görüşü), kesit normalizasyonu",Meningiom,0.8355418614091901,0.792090395480226,0.8132185446656719,708
B_beyin_baglam_kesit,Metin (kesit normalizasyonu),Beyin MR,Bağlam saldırganı (ResNet-18),"Bağlam (Π_ROI görüşü), kesit normalizasyonu",Gliom,0.9321335527785424,0.9283309957924264,0.9302228473300442,1426
B_beyin_baglam_kesit,Metin (kesit normalizasyonu),Beyin MR,Bağlam saldırganı (ResNet-18),"Bağlam (Π_ROI görüşü), kesit normalizasyonu",Hipofiz tümörü,0.9376980217919735,0.9806451612903226,0.958685392170486,930
B_beyin_yalniz_roi_kesit,Metin (kesit normalizasyonu),Beyin MR,Bağlam saldırganı (ResNet-18),"Yalnız ROI, kesit normalizasyonu",Meningiom,0.8868778280542986,0.8305084745762712,0.8577680525164114,708
B_beyin_yalniz_roi_kesit,Metin (kesit normalizasyonu),Beyin MR,Bağlam saldırganı (ResNet-18),"Yalnız ROI, kesit normalizasyonu",Gliom,0.9112021857923497,0.9354838709677419,0.9231833910034603,1426
B_beyin_yalniz_roi_kesit,Metin (kesit normalizasyonu),Beyin MR,Bağlam saldırganı (ResNet-18),"Yalnız ROI, kesit normalizasyonu",Hipofiz tümörü,0.887940234791889,0.8946236559139785,0.8912694161756829,930
M_brain_D_U512,Tablo V,Beyin MR,Model D,Tam görüntü (512×512),Meningiom,0.5718870545417996,0.4288135593220339,0.49004534726151255,708
M_brain_D_U512,Tablo V,Beyin MR,Model D,Tam görüntü (512×512),Gliom,0.757391875591086,0.8126227208976158,0.7840117200643135,1426
M_brain_D_U512,Tablo V,Beyin MR,Model D,Tam görüntü (512×512),Hipofiz tümörü,0.8602435450407974,0.927741935483871,0.8927132818040168,930
M_brain_D_F32_G16,Tablo V,Beyin MR,Model D,FoveaHE F32_G16,Meningiom,0.7040165359849139,0.6692090395480227,0.6861341720920963,708
M_brain_D_F32_G16,Tablo V,Beyin MR,Model D,FoveaHE F32_G16,Gliom,0.8844747701444644,0.8653576437587658,0.8748054360193468,1426
M_brain_D_F32_G16,Tablo V,Beyin MR,Model D,FoveaHE F32_G16,Hipofiz tümörü,0.8610578015365336,0.9219354838709677,0.8904442070862771,930
M_brain_D_F64_G32,Tablo V,Beyin MR,Model D,FoveaHE F64_G32,Meningiom,0.6914505839579159,0.6677966101694917,0.6793730680476108,708
M_brain_D_F64_G32,Tablo V,Beyin MR,Model D,FoveaHE F64_G32,Gliom,0.878625770318291,0.8626928471248247,0.8705755734697291,1426
M_brain_D_F64_G32,Tablo V,Beyin MR,Model D,FoveaHE F64_G32,Hipofiz tümörü,0.8691880466627737,0.9159139784946237,0.8919304244382488,930
M_brain_D_U64,Tablo V,Beyin MR,Model D,Eş örnekli U64,Meningiom,0.5725108369480479,0.44887005649717515,0.5030568552051375,708
M_brain_D_U64,Tablo V,Beyin MR,Model D,Eş örnekli U64,Gliom,0.758270365875136,0.8063113604488079,0.7815406188067408,1426
M_brain_D_U64,Tablo V,Beyin MR,Model D,Eş örnekli U64,Hipofiz tümörü,0.8654037987824257,0.9234408602150538,0.8934588296224358,930
M_brain_D_U64_pencere,Tablo V,Beyin MR,Model D,U64 + geometri,Meningiom,0.5755389217216159,0.44124293785310736,0.4993012898274782,708
M_brain_D_U64_pencere,Tablo V,Beyin MR,Model D,U64 + geometri,Gliom,0.7594281140506378,0.8143057503506311,0.7858605192901578,1426
M_brain_D_U64_pencere,Tablo V,Beyin MR,Model D,U64 + geometri,Hipofiz tümörü,0.8650930034648722,0.9225806451612903,0.8929056501828262,930
M_brain_D2_U512,Tablo V,Beyin MR,Model D2,Tam görüntü (512×512),Meningiom,0.5530679650079721,0.38022598870056495,0.4502206983770717,708
M_brain_D2_U512,Tablo V,Beyin MR,Model D2,Tam görüntü (512×512),Gliom,0.7318841662170633,0.8451612903225806,0.7844247361701658,1426
M_brain_D2_U512,Tablo V,Beyin MR,Model D2,Tam görüntü (512×512),Hipofiz tümörü,0.9018121252470301,0.9019354838709678,0.9018382603048337,930
M_brain_D2_F32_G16,Tablo V,Beyin MR,Model D2,FoveaHE F32_G16,Meningiom,0.6963013117601955,0.5672316384180791,0.6249088078048939,708
M_brain_D2_F32_G16,Tablo V,Beyin MR,Model D2,FoveaHE F32_G16,Gliom,0.7898441925386264,0.88835904628331,0.8361812494868408,1426
M_brain_D2_F32_G16,Tablo V,Beyin MR,Model D2,FoveaHE F32_G16,Hipofiz tümörü,0.913708674997797,0.8673118279569894,0.8898482670037395,930
M_brain_D2_F64_G32,Tablo V,Beyin MR,Model D2,FoveaHE F64_G32,Meningiom,0.6844018945012708,0.5669491525423729,0.6199508454700065,708
M_brain_D2_F64_G32,Tablo V,Beyin MR,Model D2,FoveaHE F64_G32,Gliom,0.7880610163140614,0.8830294530154277,0.8327964361906632,1426
M_brain_D2_F64_G32,Tablo V,Beyin MR,Model D2,FoveaHE F64_G32,Hipofiz tümörü,0.912730232125217,0.8625806451612903,0.88688713101193,930
M_brain_D2_U64,Tablo V,Beyin MR,Model D2,Eş örnekli U64,Meningiom,0.5569241574732825,0.3646892655367232,0.4402959846017006,708
M_brain_D2_U64,Tablo V,Beyin MR,Model D2,Eş örnekli U64,Gliom,0.7220500876431051,0.8441795231416549,0.7782628863515274,1426
M_brain_D2_U64,Tablo V,Beyin MR,Model D2,Eş örnekli U64,Hipofiz tümörü,0.904508766449811,0.9068817204301075,0.9056435889257178,930
M_brain_D2_U64_pencere,Tablo V,Beyin MR,Model D2,U64 + geometri,Meningiom,0.535847056106829,0.4110169491525424,0.46498796209249604,708
M_brain_D2_U64_pencere,Tablo V,Beyin MR,Model D2,U64 + geometri,Gliom,0.733299845905798,0.8283309957924263,0.7778756508373956,1426
M_brain_D2_U64_pencere,Tablo V,Beyin MR,Model D2,U64 + geometri,Hipofiz tümörü,0.9096930609294379,0.8896774193548389,0.8993847377697316,930
M_brain_C_U512,Tablo V,Beyin MR,Model C,Tam görüntü (512×512),Meningiom,0.4948500302865515,0.3587570621468926,0.4158030528022157,708
M_brain_C_U512,Tablo V,Beyin MR,Model C,Tam görüntü (512×512),Gliom,0.7151877353694733,0.788499298737728,0.7500076043706605,1426
M_brain_C_U512,Tablo V,Beyin MR,Model C,Tam görüntü (512×512),Hipofiz tümörü,0.8514979261300027,0.895483870967742,0.8728865135493106,930
M_brain_C_F32_G16,Tablo V,Beyin MR,Model C,FoveaHE F32_G16,Meningiom,0.7188109864160146,0.6669491525423729,0.6915916402714553,708
M_brain_C_F32_G16,Tablo V,Beyin MR,Model C,FoveaHE F32_G16,Gliom,0.8643651609848613,0.8959326788218794,0.879807919117531,1426
M_brain_C_F32_G16,Tablo V,Beyin MR,Model C,FoveaHE F32_G16,Hipofiz tümörü,0.891335383836225,0.8896774193548389,0.8904178331538585,930
M_brain_C_F64_G32,Tablo V,Beyin MR,Model C,FoveaHE F64_G32,Meningiom,0.6756553527651674,0.598587570621469,0.6345762151085734,708
M_brain_C_F64_G32,Tablo V,Beyin MR,Model C,FoveaHE F64_G32,Gliom,0.8342162660659123,0.8692847124824684,0.8513306772976581,1426
M_brain_C_F64_G32,Tablo V,Beyin MR,Model C,FoveaHE F64_G32,Hipofiz tümörü,0.8882081176426493,0.9083870967741936,0.8981295523595982,930
M_brain_C_U64,Tablo V,Beyin MR,Model C,Eş örnekli U64,Meningiom,0.4829076559062623,0.34717514124293786,0.40325051812385454,708
M_brain_C_U64,Tablo V,Beyin MR,Model C,Eş örnekli U64,Gliom,0.7097157551647543,0.794249649368864,0.7494848901217217,1426
M_brain_C_U64,Tablo V,Beyin MR,Model C,Eş örnekli U64,Hipofiz tümörü,0.8530843109497483,0.8793548387096773,0.8659616098660166,930
M_brain_C_U64_pencere,Tablo V,Beyin MR,Model C,U64 + geometri,Meningiom,0.48389727146571887,0.36694915254237287,0.4158742462341056,708
M_brain_C_U64_pencere,Tablo V,Beyin MR,Model C,U64 + geometri,Gliom,0.7190012695479868,0.7907433380084152,0.752882215792287,1426
M_brain_C_U64_pencere,Tablo V,Beyin MR,Model C,U64 + geometri,Hipofiz tümörü,0.8552052004442432,0.8808602150537634,0.8677941576099755,930
M_covidqu_D_U256,Tablo V,COVID-QU-Ex,Model D,Tam görüntü (256×256),COVID-19,0.7759505474301203,0.7563256784968685,0.7657992235346542,2395
M_covidqu_D_U256,Tablo V,COVID-QU-Ex,Model D,Tam görüntü (256×256),COVID dışı pnömoni,0.7252102186244145,0.7806480248557479,0.7515384369795141,2253
M_covidqu_D_U256,Tablo V,COVID-QU-Ex,Model D,Tam görüntü (256×256),Normal,0.7668491249106942,0.7254205607476635,0.745358325311982,2140
M_covidqu_D_F32_G16,Tablo V,COVID-QU-Ex,Model D,FoveaHE F32_G16,COVID-19,0.7488017741907019,0.737035490605428,0.742738309339339,2395
M_covidqu_D_F32_G16,Tablo V,COVID-QU-Ex,Model D,FoveaHE F32_G16,COVID dışı pnömoni,0.7717156748562621,0.8045272969374168,0.7877139386228804,2253
M_covidqu_D_F32_G16,Tablo V,COVID-QU-Ex,Model D,FoveaHE F32_G16,Normal,0.7864995880558293,0.764766355140187,0.7754173406916178,2140
M_covidqu_D_F64_G32,Tablo V,COVID-QU-Ex,Model D,FoveaHE F64_G32,COVID-19,0.7627731885538788,0.7349478079331943,0.7485386334344742,2395
M_covidqu_D_F64_G32,Tablo V,COVID-QU-Ex,Model D,FoveaHE F64_G32,COVID dışı pnömoni,0.7701162930416767,0.8069241011984021,0.7879766033571446,2253
M_covidqu_D_F64_G32,Tablo V,COVID-QU-Ex,Model D,FoveaHE F64_G32,Normal,0.7818597226426764,0.7738317757009346,0.7777020040493003,2140
M_covidqu_D_U64,Tablo V,COVID-QU-Ex,Model D,Eş örnekli U64,COVID-19,0.6943568961847028,0.6837578288100209,0.6889341277845059,2395
M_covidqu_D_U64,Tablo V,COVID-QU-Ex,Model D,Eş örnekli U64,COVID dışı pnömoni,0.6936648789712789,0.7328007101642255,0.7126713789236596,2253
M_covidqu_D_U64,Tablo V,COVID-QU-Ex,Model D,Eş örnekli U64,Normal,0.7486230573141516,0.7166355140186916,0.7321889982921728,2140
M_covidqu_D_U64_pencere,Tablo V,COVID-QU-Ex,Model D,U64 + geometri,COVID-19,0.6996184722563232,0.6862630480167015,0.6927997888252061,2395
M_covidqu_D_U64_pencere,Tablo V,COVID-QU-Ex,Model D,U64 + geometri,COVID dışı pnömoni,0.6936972093011894,0.7365290723479804,0.7143927259767594,2253
M_covidqu_D_U64_pencere,Tablo V,COVID-QU-Ex,Model D,U64 + geometri,Normal,0.7476572869245764,0.7145794392523366,0.7306157882815183,2140
M_covidqu_D2_U256,Tablo V,COVID-QU-Ex,Model D2,Tam görüntü (256×256),COVID-19,0.8700524768026728,0.8555323590814197,0.8626375476006658,2395
M_covidqu_D2_U256,Tablo V,COVID-QU-Ex,Model D2,Tam görüntü (256×256),COVID dışı pnömoni,0.825387216773741,0.8289391921881935,0.8269891786932438,2253
M_covidqu_D2_U256,Tablo V,COVID-QU-Ex,Model D2,Tam görüntü (256×256),Normal,0.8223375690890556,0.8332710280373832,0.8276752727715927,2140
M_covidqu_D2_F32_G16,Tablo V,COVID-QU-Ex,Model D2,FoveaHE F32_G16,COVID-19,0.8643678157129363,0.8232985386221294,0.843242277943172,2395
M_covidqu_D2_F32_G16,Tablo V,COVID-QU-Ex,Model D2,FoveaHE F32_G16,COVID dışı pnömoni,0.8368555205434399,0.853173546382601,0.8449099460014757,2253
M_covidqu_D2_F32_G16,Tablo V,COVID-QU-Ex,Model D2,FoveaHE F32_G16,Normal,0.8292188560668425,0.8557009345794393,0.8420456603695607,2140
M_covidqu_D2_F64_G32,Tablo V,COVID-QU-Ex,Model D2,FoveaHE F64_G32,COVID-19,0.8535726340875218,0.8255532359081419,0.8392603238373159,2395
M_covidqu_D2_F64_G32,Tablo V,COVID-QU-Ex,Model D2,FoveaHE F64_G32,COVID dışı pnömoni,0.8296302911307917,0.8453617399023523,0.8372497905283496,2253
M_covidqu_D2_F64_G32,Tablo V,COVID-QU-Ex,Model D2,FoveaHE F64_G32,Normal,0.8279136018983465,0.8408411214953271,0.834016116203057,2140
M_covidqu_D2_U64,Tablo V,COVID-QU-Ex,Model D2,Eş örnekli U64,COVID-19,0.8339386565059919,0.8200417536534447,0.8268713270851119,2395
M_covidqu_D2_U64,Tablo V,COVID-QU-Ex,Model D2,Eş örnekli U64,COVID dışı pnömoni,0.811371199471482,0.8099422991566799,0.8106007618997835,2253
M_covidqu_D2_U64,Tablo V,COVID-QU-Ex,Model D2,Eş örnekli U64,Normal,0.8140606241863875,0.8305607476635514,0.822185408555297,2140
M_covidqu_D2_U64_pencere,Tablo V,COVID-QU-Ex,Model D2,U64 + geometri,COVID-19,0.8340242676385173,0.8177870563674322,0.8256137856349769,2395
M_covidqu_D2_U64_pencere,Tablo V,COVID-QU-Ex,Model D2,U64 + geometri,COVID dışı pnömoni,0.8042100445607421,0.8142920550377275,0.8090749616978486,2253
M_covidqu_D2_U64_pencere,Tablo V,COVID-QU-Ex,Model D2,U64 + geometri,Normal,0.8203980776893711,0.8266355140186915,0.8234186466797583,2140
M_covidqu_C_U256,Tablo V,COVID-QU-Ex,Model C,Tam görüntü (256×256),COVID-19,0.8260308339117964,0.8279749478079331,0.8267508666681929,2395
M_covidqu_C_U256,Tablo V,COVID-QU-Ex,Model C,Tam görüntü (256×256),COVID dışı pnömoni,0.7905208370254437,0.7706169551708832,0.778194525465536,2253
M_covidqu_C_U256,Tablo V,COVID-QU-Ex,Model C,Tam görüntü (256×256),Normal,0.7813115710274543,0.7932710280373831,0.7861643671426384,2140
M_covidqu_C_F32_G16,Tablo V,COVID-QU-Ex,Model C,FoveaHE F32_G16,COVID-19,0.8015315104991332,0.7871398747390397,0.7935566397164703,2395
M_covidqu_C_F32_G16,Tablo V,COVID-QU-Ex,Model C,FoveaHE F32_G16,COVID dışı pnömoni,0.7862956988475588,0.8189968930315136,0.8015900857348137,2253
M_covidqu_C_F32_G16,Tablo V,COVID-QU-Ex,Model C,FoveaHE F32_G16,Normal,0.8091059930871249,0.7852336448598131,0.796110909717689,2140
M_covidqu_C_F64_G32,Tablo V,COVID-QU-Ex,Model C,FoveaHE F64_G32,COVID-19,0.8041134877335866,0.8145302713987472,0.8085437922166658,2395
M_covidqu_C_F64_G32,Tablo V,COVID-QU-Ex,Model C,FoveaHE F64_G32,COVID dışı pnömoni,0.8039204188675878,0.8091433644030183,0.8057333349531923,2253
M_covidqu_C_F64_G32,Tablo V,COVID-QU-Ex,Model C,FoveaHE F64_G32,Normal,0.8178258443678439,0.7959813084112148,0.8064756978690701,2140
M_covidqu_C_U64,Tablo V,COVID-QU-Ex,Model C,Eş örnekli U64,COVID-19,0.8018728224396859,0.7852192066805845,0.7930932520589481,2395
M_covidqu_C_U64,Tablo V,COVID-QU-Ex,Model C,Eş örnekli U64,COVID dışı pnömoni,0.7582133475080692,0.7901464713715047,0.7732730472718856,2253
M_covidqu_C_U64,Tablo V,COVID-QU-Ex,Model C,Eş örnekli U64,Normal,0.7903151055663159,0.7718691588785047,0.7808346829948303,2140
M_covidqu_C_U64_pencere,Tablo V,COVID-QU-Ex,Model C,U64 + geometri,COVID-19,0.8052280855996712,0.7927348643006262,0.7986054199659602,2395
M_covidqu_C_U64_pencere,Tablo V,COVID-QU-Ex,Model C,U64 + geometri,COVID dışı pnömoni,0.7664259822438649,0.7794940079893474,0.7727279524310585,2253
M_covidqu_C_U64_pencere,Tablo V,COVID-QU-Ex,Model C,U64 + geometri,Normal,0.7863615207900319,0.7834579439252337,0.7839943603025812,2140
Ozet_brain_D,Tablo VIII,Beyin MR,Şifreli özet + Model D,ResNet-18 özeti (512 değer),Meningiom,0.7381606798762507,0.7110169491525424,0.7243231871375343,708
Ozet_brain_D,Tablo VIII,Beyin MR,Şifreli özet + Model D,ResNet-18 özeti (512 değer),Gliom,0.9053934677029858,0.8856942496493689,0.8954281142327541,1426
Ozet_brain_D,Tablo VIII,Beyin MR,Şifreli özet + Model D,ResNet-18 özeti (512 değer),Hipofiz tümörü,0.8922138253588905,0.9468817204301075,0.9187309102538418,930
Ozet_covidqu_D2,Tablo VIII,COVID-QU-Ex,Şifreli özet + Model D2,ResNet-18 özeti (512 değer),COVID-19,0.9426927167001867,0.9382881002087682,0.9404401807232207,2395
Ozet_covidqu_D2,Tablo VIII,COVID-QU-Ex,Şifreli özet + Model D2,ResNet-18 özeti (512 değer),COVID dışı pnömoni,0.901015030105853,0.8912561029738126,0.8961007079989904,2253
Ozet_covidqu_D2,Tablo VIII,COVID-QU-Ex,Şifreli özet + Model D2,ResNet-18 özeti (512 değer),Normal,0.885845201189607,0.9004672897196263,0.8930632783623244,2140
Bozuk_beyin,Tablo VIII,Beyin MR,Bağlam saldırganı (ResNet-18),Bağlam + Gauss gürültüsü (σ = 0.4),Meningiom,0.7954887218045112,0.7471751412429378,0.7705753823743627,708
Bozuk_beyin,Tablo VIII,Beyin MR,Bağlam saldırganı (ResNet-18),Bağlam + Gauss gürültüsü (σ = 0.4),Gliom,0.8988300068823124,0.9158485273492286,0.9072594650920458,1426
Bozuk_beyin,Tablo VIII,Beyin MR,Bağlam saldırganı (ResNet-18),Bağlam + Gauss gürültüsü (σ = 0.4),Hipofiz tümörü,0.959830866807611,0.9763440860215054,0.9680170575692963,930
Bozuk_covidqu,Tablo VIII,COVID-QU-Ex,Bağlam saldırganı (ResNet-18),Bağlam + Gauss gürültüsü (σ = 0.4),COVID-19,0.9737623762376237,0.821294363256785,0.891053227633069,2395
Bozuk_covidqu,Tablo VIII,COVID-QU-Ex,Bağlam saldırganı (ResNet-18),Bağlam + Gauss gürültüsü (σ = 0.4),COVID dışı pnömoni,0.7613676418752203,0.9587217043941412,0.8487229862475442,2253
Bozuk_covidqu,Tablo VIII,COVID-QU-Ex,Bağlam saldırganı (ResNet-18),Bağlam + Gauss gürültüsü (σ = 0.4),Normal,0.9295701708959089,0.8387850467289719,0.8818472119872267,2140
R_brain_tam,Metin (bilgi düzeyi),Beyin MR,ResNet-18 (bilgi üst sınırı),Tam (224×224),Meningiom,0.9051637857836214,0.8364406779661018,0.8693487679207543,708
R_brain_tam,Metin (bilgi düzeyi),Beyin MR,ResNet-18 (bilgi üst sınırı),Tam (224×224),Gliom,0.9633716515871752,0.9542776998597475,0.9587784053203136,1426
R_brain_tam,Metin (bilgi düzeyi),Beyin MR,ResNet-18 (bilgi üst sınırı),Tam (224×224),Hipofiz tümörü,0.9178070768967199,0.9838709677419356,0.9496765588889857,930
R_brain_F32_G16,Metin (bilgi düzeyi),Beyin MR,ResNet-18 (bilgi üst sınırı),FoveaHE F32_G16,Meningiom,0.9188110803833954,0.890960451977401,0.904597864344886,708
R_brain_F32_G16,Metin (bilgi düzeyi),Beyin MR,ResNet-18 (bilgi üst sınırı),FoveaHE F32_G16,Gliom,0.9723076774971677,0.9697054698457223,0.9709945052121366,1426
R_brain_F32_G16,Metin (bilgi düzeyi),Beyin MR,ResNet-18 (bilgi üst sınırı),FoveaHE F32_G16,Hipofiz tümörü,0.9533335743671583,0.9791397849462365,0.9660559898821612,930
R_brain_F64_G32,Metin (bilgi düzeyi),Beyin MR,ResNet-18 (bilgi üst sınırı),FoveaHE F64_G32,Meningiom,0.926859282063722,0.8963276836158192,0.9112562061975892,708
R_brain_F64_G32,Metin (bilgi düzeyi),Beyin MR,ResNet-18 (bilgi üst sınırı),FoveaHE F64_G32,Gliom,0.9720782350094728,0.9741935483870968,0.9731037493558023,1426
R_brain_F64_G32,Metin (bilgi düzeyi),Beyin MR,ResNet-18 (bilgi üst sınırı),FoveaHE F64_G32,Hipofiz tümörü,0.9597993233680866,0.9804301075268818,0.9700001869904169,930
R_brain_tam_pencere,Metin (bilgi düzeyi),Beyin MR,ResNet-18 (bilgi üst sınırı),Tam + pencere kanalı,Meningiom,0.9467814770286888,0.8838983050847459,0.914226819271858,708
R_brain_tam_pencere,Metin (bilgi düzeyi),Beyin MR,ResNet-18 (bilgi üst sınırı),Tam + pencere kanalı,Gliom,0.9730310989797717,0.9755960729312763,0.9743002225592059,1426
R_brain_tam_pencere,Metin (bilgi düzeyi),Beyin MR,ResNet-18 (bilgi üst sınırı),Tam + pencere kanalı,Hipofiz tümörü,0.9437231198206251,0.9875268817204301,0.9651204953185504,930
R_covidqu_tam,Metin (bilgi düzeyi),COVID-QU-Ex,ResNet-18 (bilgi üst sınırı),Tam (224×224),COVID-19,0.9935099581915967,0.9828810020876826,0.9881578323985993,2395
R_covidqu_tam,Metin (bilgi düzeyi),COVID-QU-Ex,ResNet-18 (bilgi üst sınırı),Tam (224×224),COVID dışı pnömoni,0.9642370898122572,0.9596981802041722,0.9619602234106077,2253
R_covidqu_tam,Metin (bilgi düzeyi),COVID-QU-Ex,ResNet-18 (bilgi üst sınırı),Tam (224×224),Normal,0.9487404993166445,0.9647663551401869,0.956675039329614,2140
R_covidqu_F32_G16,Metin (bilgi düzeyi),COVID-QU-Ex,ResNet-18 (bilgi üst sınırı),FoveaHE F32_G16,COVID-19,0.9825772939494166,0.964008350730689,0.9731884298035496,2395
R_covidqu_F32_G16,Metin (bilgi düzeyi),COVID-QU-Ex,ResNet-18 (bilgi üst sınırı),FoveaHE F32_G16,COVID dışı pnömoni,0.9341694047879294,0.9521526853084776,0.9430709420326615,2253
R_covidqu_F32_G16,Metin (bilgi düzeyi),COVID-QU-Ex,ResNet-18 (bilgi üst sınırı),FoveaHE F32_G16,Normal,0.9370294157511798,0.9377570093457944,0.9373653967779635,2140
R_covidqu_F64_G32,Metin (bilgi düzeyi),COVID-QU-Ex,ResNet-18 (bilgi üst sınırı),FoveaHE F64_G32,COVID-19,0.9902142463629918,0.9716910229645095,0.9808538337083308,2395
R_covidqu_F64_G32,Metin (bilgi düzeyi),COVID-QU-Ex,ResNet-18 (bilgi üst sınırı),FoveaHE F64_G32,COVID dışı pnömoni,0.9412819532809108,0.9628939192188193,0.9519553003175757,2253
R_covidqu_F64_G32,Metin (bilgi düzeyi),COVID-QU-Ex,ResNet-18 (bilgi üst sınırı),FoveaHE F64_G32,Normal,0.9484803683389714,0.9453271028037383,0.9468687991562141,2140
