size,rho_hedef,rho,tekrar,sifreleme_s,sunucu_s,cozme_s,toplam_s,ciphertext_sayisi,sifreli_slot,yukleme_MB
64,0.01,0.0087890625,0,0.009773900033906102,0.9614205999532714,0.015369400032795966,0.9865639000199735,1,64,0.855837
64,0.01,0.0087890625,1,0.009251700015738606,1.1073632000479847,0.01762489997781813,1.1342398000415415,1,64,
64,0.01,0.0087890625,2,0.012023200048133731,1.146109399967827,0.020108800032176077,1.1782414000481367,1,64,
64,0.01,0.0087890625,3,0.012522099888883531,1.0883827999932691,0.015433299937285483,1.1163381998194382,1,64,
64,0.01,0.0087890625,4,0.009299200028181076,1.139978300081566,0.01588839991018176,1.1651659000199288,1,64,
64,0.05,0.0478515625,0,0.01000519993249327,1.2151036999421194,0.017067900043912232,1.242176799918525,1,256,0.855339
64,0.05,0.0478515625,1,0.01017549994867295,1.4188276999630034,0.016492899972945452,1.4454960998846218,1,256,
64,0.05,0.0478515625,2,0.009622200042940676,1.266410700045526,0.01559990004170686,1.2916328001301736,1,256,
64,0.05,0.0478515625,3,0.009505399968475103,1.566850799950771,0.019548599957488477,1.5959047998767346,1,256,
64,0.05,0.0478515625,4,0.011588499997742474,1.8941397999878973,0.03927030006889254,1.9449986000545323,1,256,
64,0.1,0.09765625,0,0.02321829996071756,2.5997468000277877,0.02863469999283552,2.6515997999813408,1,512,0.855286
64,0.1,0.09765625,1,0.01861649996135384,2.4480724000604823,0.023131699999794364,2.4898206000216305,1,512,
64,0.1,0.09765625,2,0.015240499982610345,1.8898958000354469,0.021805700031109154,1.9269420000491664,1,512,
64,0.1,0.09765625,3,0.011440900037996471,1.6536344999913126,0.027257699985057116,1.6923331000143662,1,512,
64,0.1,0.09765625,4,0.01552999997511506,1.741957399994135,0.01670530007686466,1.7741927000461146,1,512,
64,0.25,0.25,0,0.013152599916793406,1.3920711999526247,0.015521200024522841,1.420744999893941,1,1024,0.85534
64,0.25,0.25,1,0.00941699999384582,1.3797316000564024,0.01527990004979074,1.404428500100039,1,1024,
64,0.25,0.25,2,0.009498500032350421,1.3592380000045523,0.015455400105565786,1.3841919001424685,1,1024,
64,0.25,0.25,3,0.009506399976089597,1.321106299990788,0.019028900074772537,1.3496416000416502,1,1024,
64,0.25,0.25,4,0.009987900033593178,1.3364423000020906,0.015779900015331805,1.3622101000510156,1,1024,
64,0.5,0.494384765625,0,0.009385599987581372,1.4143007999518886,0.015129900071769953,1.43881630001124,1,2048,0.855128
64,0.5,0.494384765625,1,0.009199000080116093,1.4270634000422433,0.01742100005503744,1.4536834001773968,1,2048,
64,0.5,0.494384765625,2,0.012210499960929155,1.5452638999558985,0.014914599945768714,1.5723889998625964,1,2048,
64,0.5,0.494384765625,3,0.009238100028596818,1.4973484999500215,0.014869699953123927,1.5214562999317423,1,2048,
64,0.5,0.494384765625,4,0.009370699990540743,1.3964028999907896,0.015218300046399236,1.4209919000277296,1,2048,
64,0.75,0.738525390625,0,0.010040300083346665,1.511292599956505,0.016196400043554604,1.5375293000834063,1,4096,0.85613
64,0.75,0.738525390625,1,0.010084900073707104,1.5333658000454307,0.015231700032018125,1.558682400151156,1,4096,
64,0.75,0.738525390625,2,0.009831800009123981,1.5302986999740824,0.015128400060348213,1.5552589000435546,1,4096,
64,0.75,0.738525390625,3,0.010455799987539649,1.511503600049764,0.015360600082203746,1.5373200001195073,1,4096,
64,0.75,0.738525390625,4,0.009505299967713654,1.4890990999992937,0.01521610002964735,1.5138204999966547,1,4096,
64,0.9,0.908447265625,0,0.010847200057469308,1.4911059000296518,0.015155900036916137,1.5171090001240373,1,4096,0.855816
64,0.9,0.908447265625,1,0.010121200000867248,1.5030038999393582,0.015290000010281801,1.5284150999505073,1,4096,
64,0.9,0.908447265625,2,0.009749799966812134,1.4964779999572784,0.015250900061801076,1.5214786999858916,1,4096,
64,0.9,0.908447265625,3,0.009762600064277649,1.4953746000537649,0.015274700010195374,1.520411900128238,1,4096,
64,0.9,0.908447265625,4,0.009461099980399013,1.4965821999358013,0.014975500060245395,1.5210187999764457,1,4096,
64,1.0,1.0,0,0.010478299926035106,1.4994831000221893,0.01497739995829761,1.524938799906522,1,4096,0.856207
64,1.0,1.0,1,0.009403100004419684,1.4812767999246716,0.015252600074745715,1.505932500003837,1,4096,
64,1.0,1.0,2,0.009651899919845164,1.473502999986522,0.015144599950872362,1.4982994998572394,1,4096,
64,1.0,1.0,3,0.009940199903212488,1.4656291999854147,0.015206799958832562,1.4907761998474598,1,4096,
64,1.0,1.0,4,0.00945430004503578,1.4788791999453679,0.015164699987508357,1.503498199977912,1,4096,
128,0.01,0.01031494140625,0,0.00926910003181547,1.123727000085637,0.015110400039702654,1.148106500157155,1,256,0.856089
128,0.01,0.01031494140625,1,0.00928530003875494,1.1033084000227973,0.014794899965636432,1.1273886000271887,1,256,
128,0.01,0.01031494140625,2,0.008921599946916103,1.127477900008671,0.014995899982750416,1.1513953999383375,1,256,
128,0.01,0.01031494140625,3,0.009281400009058416,1.1114148000488058,0.0148619000101462,1.1355581000680104,1,256,
128,0.01,0.01031494140625,4,0.008994100033305585,1.1010347000556067,0.014914399944245815,1.124943200033158,1,256,
128,0.05,0.05133056640625,0,0.00982279994059354,1.2929525000508875,0.01492109999526292,1.317696399986744,1,1024,0.855994
128,0.05,0.05133056640625,1,0.009358099894598126,1.293153200065717,0.01497889996971935,1.3174901999300346,1,1024,
128,0.05,0.05133056640625,2,0.008969400078058243,1.3031908998964354,0.015265800058841705,1.3274261000333354,1,1024,
128,0.05,0.05133056640625,3,0.009252100018784404,1.2883509000530466,0.014913099934346974,1.312516100006178,1,1024,
128,0.05,0.05133056640625,4,0.009135400061495602,1.2782847000053152,0.018491000053472817,1.3059111001202837,1,1024,
128,0.1,0.09765625,0,0.009432099992409348,1.378786199958995,0.014942400041036308,1.4031606999924406,1,2048,0.854424
128,0.1,0.09765625,1,0.009414900094270706,1.3800087000709027,0.014906199998222291,1.4043298001633957,1,2048,
128,0.1,0.09765625,2,0.009434200008399785,1.3746698999311775,0.015352800022810698,1.399456899962388,1,2048,
128,0.1,0.09765625,3,0.009461999987252057,1.3995565000222996,0.015462499926798046,1.4244809999363497,1,2048,
128,0.1,0.09765625,4,0.009542800020426512,1.3963844999670982,0.014992699958384037,1.4209199999459088,1,2048,
128,0.25,0.25,0,0.010328599950298667,1.4926406999584287,0.014962500077672303,1.5179317999863997,1,4096,0.856169
128,0.25,0.25,1,0.009604300023056567,1.4830706000793725,0.015752899926155806,1.508427800028585,1,4096,
128,0.25,0.25,2,0.009985700016841292,1.4936424000188708,0.015124500030651689,1.5187526000663638,1,4096,
128,0.25,0.25,3,0.010932300006970763,1.470981499995105,0.015161499963141978,1.4970752999652177,1,4096,
128,0.25,0.25,4,0.009484700043685734,1.5474268000107259,0.017501500085927546,1.5744130001403391,1,4096,
128,0.5,0.50543212890625,0,0.023241100017912686,2.301823699963279,0.0150294000050053,2.340094199986197,2,8320,1.711137
128,0.5,0.50543212890625,1,0.018879599985666573,2.278753999969922,0.014834300032816827,2.3124678999884054,2,8320,
128,0.5,0.50543212890625,2,0.018892399966716766,2.2728854999877512,0.014700800064019859,2.306478700018488,2,8320,
128,0.5,0.50543212890625,3,0.018946000025607646,2.273971699993126,0.014772200025618076,2.307689900044352,2,8320,
128,0.5,0.50543212890625,4,0.018826400046236813,2.3177028000354767,0.01578830007929355,2.352317500161007,2,8320,
128,0.75,0.75201416015625,0,0.021298400009982288,2.8480420999694616,0.015189699945040047,2.884530199924484,2,16384,1.711887
128,0.75,0.75201416015625,1,0.019873600103892386,2.8312018000287935,0.015413800021633506,2.8664892001543194,2,16384,
128,0.75,0.75201416015625,2,0.01996589999180287,2.8294175000628456,0.015228800009936094,2.8646122000645846,2,16384,
128,0.75,0.75201416015625,3,0.020224799984134734,2.844846499967389,0.015277299913577735,2.8803485998651013,2,16384,
128,0.75,0.75201416015625,4,0.01998670003376901,2.8716703999089077,0.015227199997752905,2.9068842999404296,2,16384,
128,0.9,0.89361572265625,0,0.02137960004620254,2.8555522999959067,0.01566190004814416,2.8925938000902534,2,16384,1.710815
128,0.9,0.89361572265625,1,0.020513799972832203,2.8264541000826284,0.015127699938602746,2.8620955999940634,2,16384,
128,0.9,0.89361572265625,2,0.020287099992856383,2.8494180999696255,0.015747500001452863,2.8854526999639347,2,16384,
128,0.9,0.89361572265625,3,0.021154999965801835,2.8384996000677347,0.017360900063067675,2.8770155000966042,2,16384,
128,0.9,0.89361572265625,4,0.023448599968105555,2.8349909000098705,0.01530459988862276,2.873744099866599,2,16384,
128,1.0,1.0,0,0.02022409997880459,2.901627500075847,0.015420300071127713,2.937271900125779,2,16384,1.711689
128,1.0,1.0,1,0.023019400076009333,2.8377742000157014,0.015617100056260824,2.8764107001479715,2,16384,
128,1.0,1.0,2,0.020386300049722195,2.8467400999506935,0.015412300010211766,2.8825387000106275,2,16384,
128,1.0,1.0,3,0.019895499921403825,2.8627062999876216,0.0150605000089854,2.897662299918011,2,16384,
128,1.0,1.0,4,0.019910699920728803,2.846941199968569,0.01497760007623583,2.8818294999655336,2,16384,
256,0.01,0.01031494140625,0,0.009366000071167946,1.3097328000003472,0.014855699962936342,1.3339545000344515,1,1024,0.856108
256,0.01,0.01031494140625,1,0.009215200087055564,1.2965389000019059,0.015198800014331937,1.3209529001032934,1,1024,
256,0.01,0.01031494140625,2,0.009774100035429,1.3100639000767842,0.01486060000024736,1.3346986001124606,1,1024,
256,0.01,0.01031494140625,3,0.009427400073036551,1.296516399946995,0.01491819997318089,1.3208619999932125,1,1024,
256,0.01,0.01031494140625,4,0.009094699984416366,1.294858600012958,0.014805100043304265,1.3187584000406787,1,1024,
256,0.05,0.0495758056640625,0,0.01008679997175932,1.4934936999343336,0.01511250005569309,1.518692999961786,1,4096,0.855747
256,0.05,0.0495758056640625,1,0.009528500027954578,1.4727434000233188,0.015643600025214255,1.4979155000764877,1,4096,
256,0.05,0.0495758056640625,2,0.009599499986506999,1.4860663999570534,0.014963999972678721,1.510629899916239,1,4096,
256,0.05,0.0495758056640625,3,0.009744800045154989,1.484912300016731,0.015818500076420605,1.5104756001383066,1,4096,
256,0.05,0.0495758056640625,4,0.009724700008518994,1.4938773000612855,0.015274500008672476,1.518876500078477,1,4096,
256,0.1,0.1001129150390625,0,0.010509700048714876,1.5984293000074103,0.014918899978511035,1.6238579000346363,1,8192,0.855174
256,0.1,0.1001129150390625,1,0.010842200019396842,1.5685211999807507,0.015336600015871227,1.5947000000160187,1,8192,
256,0.1,0.1001129150390625,2,0.01207049994263798,1.5908280999865383,0.015007899957709014,1.6179064998868853,1,8192,
256,0.1,0.1001129150390625,3,0.01033419999293983,1.5731677999719977,0.015092400019057095,1.5985943999839947,1,8192,
256,0.1,0.1001129150390625,4,0.010071399970911443,1.5758691999362782,0.014947099960409105,1.6008876998675987,1,8192,
256,0.25,0.25,0,0.020979100023396313,2.85544439998921,0.015514899976551533,2.891938399989158,2,16384,1.711618
256,0.25,0.25,1,0.020511699956841767,2.8332894999766722,0.015259700012393296,2.8690608999459073,2,16384,
256,0.25,0.25,2,0.02048920001834631,2.88319669989869,0.015089900000020862,2.918775799917057,2,16384,
256,0.25,0.25,3,0.02009530004579574,2.8560383999720216,0.015526399947702885,2.89166009996552,2,16384,
256,0.25,0.25,4,0.020519199897535145,2.85430530004669,0.015428499900735915,2.890252999844961,2,16384,
256,0.5,0.4998931884765625,0,0.04207460000179708,5.399534500087611,0.014856099965982139,5.456465200055391,4,32768,3.42332
256,0.5,0.4998931884765625,1,0.040115299983881414,5.393962000031024,0.015355899930000305,5.449433199944906,4,32768,
256,0.5,0.4998931884765625,2,0.045776200015097857,5.409414099995047,0.015361899975687265,5.470552199985832,4,32768,
256,0.5,0.4998931884765625,3,0.0400672999676317,5.401611299952492,0.014956700033508241,5.456635299953632,4,32768,
256,0.5,0.4998931884765625,4,0.03990510001312941,5.4731281999265775,0.015199000015854836,5.528232299955562,4,32768,
256,0.75,0.75201416015625,0,0.06832150008995086,8.737978299963288,0.01478179998230189,8.82108160003554,7,49408,5.989325
256,0.75,0.75201416015625,1,0.06900350004434586,8.718268200056627,0.015040599973872304,8.802312300074846,7,49408,
256,0.75,0.75201416015625,2,0.06872540002223104,8.732623500050977,0.014988899929448962,8.816337800002657,7,49408,
256,0.75,0.75201416015625,3,0.06948880001436919,8.775476500042714,0.014823800069279969,8.859789100126363,7,49408,
256,0.75,0.75201416015625,4,0.06947019998915493,8.75376440002583,0.015091599896550179,8.838326199911535,7,49408,
256,0.9,0.9010162353515625,0,0.08139840001240373,10.49994540004991,0.01485749997664243,10.596201300038956,8,59392,6.845762
256,0.9,0.9010162353515625,1,0.07974760001525283,10.345258500077762,0.015210799989290535,10.440216900082305,8,59392,
256,0.9,0.9010162353515625,2,0.0794591000303626,10.826879199943505,0.015542600071057677,10.921880900044926,8,59392,
256,0.9,0.9010162353515625,3,0.08185179997235537,10.574317899998277,0.01565469999331981,10.671824399963953,8,59392,
256,0.9,0.9010162353515625,4,0.0823954000370577,10.318150200066157,0.015930900000967085,10.416476500104181,8,59392,
256,1.0,1.0,0,0.08359480008948594,10.493141599930823,0.0151657999958843,10.591902200016193,8,65536,6.845708
256,1.0,1.0,1,0.08076650009024888,10.53174410003703,0.014986100024543703,10.627496700151823,8,65536,
256,1.0,1.0,2,0.08261239994317293,10.477195899933577,0.014972800039686263,10.574781099916436,8,65536,
256,1.0,1.0,3,0.07922299997881055,10.530103600001894,0.015096699935384095,10.624423299916089,8,65536,
256,1.0,1.0,4,0.08021250006277114,10.581226699985564,0.015385500038973987,10.676824700087309,8,65536,
512,0.01,0.009922027587890625,0,0.010000600013881922,1.4942046001087874,0.014968500006943941,1.5191737001296133,1,4096,0.856151
512,0.01,0.009922027587890625,1,0.009718299959786236,1.488328699953854,0.015182200004346669,1.513229199917987,1,4096,
512,0.01,0.009922027587890625,2,0.009541400009766221,1.4903612999478355,0.015141600044444203,1.515044300002046,1,4096,
512,0.05,0.0495758056640625,0,0.02112340007442981,2.8605841000098735,0.015302999992854893,2.897010500077158,2,16384,1.711113
512,0.05,0.0495758056640625,1,0.020260600023902953,2.84555620001629,0.015348499990068376,2.8811653000302613,2,16384,
512,0.05,0.0495758056640625,2,0.020434999954886734,2.8685864000581205,0.014883200055919588,2.903904600068927,2,16384,
512,0.1,0.1001129150390625,0,0.040296000079251826,5.243619000073522,0.014919000095687807,5.298834000248462,4,26624,3.420946
512,0.1,0.1001129150390625,1,0.03912630002014339,5.235472400090657,0.01596300001256168,5.290561700123362,4,26624,
512,0.1,0.1001129150390625,2,0.04089619999285787,5.241957499994896,0.01593759993556887,5.298791299923323,4,26624,
512,0.25,0.25,0,0.08042359992396086,10.744488899945281,0.015377199975773692,10.840289699845016,8,65536,6.843643
512,0.25,0.25,1,0.08121880004182458,10.492733100079931,0.015201299916952848,10.589153200038709,8,65536,
512,0.25,0.25,2,0.080699099926278,10.564120099996217,0.015329399961046875,10.660148599883541,8,65536,
512,0.5,0.4998931884765625,0,0.17008990002796054,20.70208720001392,0.015283699962310493,20.88746080000419,16,131072,13.689951
512,0.5,0.4998931884765625,1,0.15919339994434267,20.922930000000633,0.015585400047712028,21.097708799992688,16,131072,
512,0.5,0.4998931884765625,2,0.1598719999892637,20.6904486999847,0.015407299972139299,20.865727999946102,16,131072,
512,0.75,0.7486305236816406,0,0.25056640000548214,31.19098940002732,0.015083899954333901,31.456639699987136,24,196608,20.541284
512,0.75,0.7486305236816406,1,0.24064960004761815,30.927768900059164,0.015097199939191341,31.183515700045973,24,196608,
512,0.75,0.7486305236816406,2,0.240691400016658,30.97157260007225,0.01482339994981885,31.227087400038727,24,196608,
512,0.9,0.9010162353515625,0,0.29074369999580085,37.281019899994135,0.014905399992130697,37.58666899998207,29,237568,24.812795
512,0.9,0.9010162353515625,1,0.2930079000070691,37.32762559992261,0.014946900075301528,37.63558040000498,29,237568,
512,0.9,0.9010162353515625,2,0.2920726001029834,37.34725270001218,0.014834600035101175,37.65415990015026,29,237568,
512,1.0,1.0,0,0.32441619993187487,41.25302830000874,0.014870300074107945,41.59231480001472,32,262144,27.382801
512,1.0,1.0,1,0.32052110007498413,41.094579600030556,0.015581000014208257,41.43068170011975,32,262144,
512,1.0,1.0,2,0.3265601000748575,41.263267099973746,0.015093300025910139,41.60492050007451,32,262144,
