veri,hedef,oznitelik_grubu,auc_ort,auc_std,ci95_alt,ci95_ust,ozgun_auc_ort,en_buyuk_fark
beyin MR (Cheng),tümör tipi (3 sınıf),girdi_boyutu,0.4573745616476946,0.0,0.4011623022785018,0.5186482029814391,0.4573745616476946,0.0
beyin MR (Cheng),tümör tipi (3 sınıf),konum,0.7753099677792861,0.0,0.743032991241373,0.8036644064839263,0.7753099677792861,0.0
beyin MR (Cheng),tümör tipi (3 sınıf),buyukluk,0.7082139881312184,0.0,0.6742476178128365,0.736121845799828,0.7082139881312184,0.0
beyin MR (Cheng),tümör tipi (3 sınıf),sekil,0.7215363594977307,0.0,0.690847487160764,0.7474471267969923,0.7215363594977307,0.0
beyin MR (Cheng),tümör tipi (3 sınıf),tumu,0.8298600870754648,0.0,0.8009955299681099,0.8552678283059877,0.8298600870754648,0.0
akciğer grafisi (COVID-QU-Ex),teşhis (3 sınıf),konum,0.7286386592495269,0.000820749973788679,0.7202623247487465,0.7386166527182149,0.7286386592495269,7.903833837419327e-17
akciğer grafisi (COVID-QU-Ex),teşhis (3 sınıf),buyukluk,0.7649507927244101,0.001113921513984136,0.7568843741815715,0.7752700284773751,0.7649507927244101,3.599551212651875e-17
akciğer grafisi (COVID-QU-Ex),teşhis (3 sınıf),sekil,0.7801774187301314,0.0004345125159683991,0.7713468119579826,0.7884184051631734,0.7801774187301314,9.90960785651751e-17
akciğer grafisi (COVID-QU-Ex),teşhis (3 sınıf),tumu,0.8336520742428075,0.00029839050087585153,0.8265238457638566,0.8412458039374302,0.8336520742428075,5.1553813301685736e-17
akciğer grafisi (COVID-QU-Ex),Normal / Non-COVID,tumu,0.9044255841640014,0.0010786068145769558,0.8947182229750528,0.9125549739484008,0.9044255841640014,5.572799166575493e-17
"akciğer grafisi (Kaggle, orijinal çözünürlük)",NORMAL / PNEUMONIA,girdi_boyutu,0.9338240448650543,0.0,,,0.9338240448650544,1.1102230246251565e-16
