kaynak,makale,hesaplanan,tuttu
Makale metni (satır 161 civarı): covidqu_toplam,33920,33920,True
Makale metni (satır 161 civarı): covidqu_covid19,11956,11956,True
Makale metni (satır 161 civarı): covidqu_non_covid,11263,11263,True
Makale metni (satır 161 civarı): covidqu_normal,10701,10701,True
Makale metni (satır 161 civarı): covidqu_train,21715,21715,True
Makale metni (satır 161 civarı): covidqu_val,5417,5417,True
Makale metni (satır 161 civarı): covidqu_test,6788,6788,True
Makale metni (satır 161 civarı): beyin_hasta,233,233,True
Makale metni (satır 161 civarı): beyin_kesit,3064,3064,True
Makale metni (satır 161 civarı): beyin_meningiom,708,708,True
Makale metni (satır 161 civarı): beyin_gliom,1426,1426,True
Makale metni (satır 161 civarı): beyin_hipofiz,930,930,True
Makale metni (satır 161 civarı): kaggle_toplam,6432,6432,True
Makale metni (satır 161 civarı): kaggle_kopyasi_olan,4665,4665,True
Makale metni (satır 161 civarı): kaggle_kopyasiz_dis_test,1767,1767,True
Makale metni: hiçbir hasta birden fazla katta değil,0,0,True
