onek,epoch,egitim_kaybi,dogrulama_kaybi,egitim_dogrulugu,dogrulama_dogrulugu,dogrulama_f1_makro,dogrulama_auc
wd0.0001_lr0.001/,1,0.8517448268244594,0.7445527583755696,0.7482365708084645,0.6730486008836525,0.6152462385008114,0.8263410016793227
wd0.0001_lr0.001/,2,0.563281261477856,0.6575719864273634,0.7883884970157352,0.7187039764359352,0.6967133560378627,0.862701865093822
wd0.0001_lr0.001/,3,0.46320705048687355,0.6397085569041818,0.8415626695604992,0.7069219440353461,0.6368135993135994,0.8514718247376881
wd0.0001_lr0.001/,4,0.393254836195523,0.6027289321742106,0.8638090070537168,0.7260677466863034,0.6434069939976904,0.8694461090230674
wd0.0001_lr0.001/,5,0.3568506616163176,0.5786055170208084,0.8714053174172545,0.7540500736377025,0.7076868995316951,0.881693703115995
wd0.0001_lr0.001/,6,0.3374295866625243,0.6369411035911324,0.8822571893651655,0.7334315169366715,0.6365654646419477,0.8706166437596746
wd0.0001_lr0.001/,7,0.2931206349245052,0.571826350530925,0.9061313076505697,0.748159057437408,0.6955539612331313,0.8798734907257098
wd0.0001_lr0.001/,8,0.2583153807576816,0.5607855885299211,0.9234943027672273,0.7614138438880707,0.7053675160305041,0.8847762727208232
wd0.0001_lr0.001/,9,0.23467464411122865,0.5461778823335672,0.9365165491047206,0.7643593519882179,0.7188732061189086,0.8888862033882684
wd0.0001_lr0.001/,10,0.21067338693549434,0.5682627715839729,0.9473684210526315,0.759941089837997,0.7074706747986151,0.8858396098910438
wd0.0001_lr0.001/,11,0.18766744102528737,0.5492133588608304,0.956592512208356,0.7628865979381443,0.7206401722530754,0.8908170849681781
wd0.0001_lr0.001/,12,0.1675586861134287,0.5592016408299487,0.9636462289744981,0.7643593519882179,0.7282202114759508,0.8914072303323808
wd0.0001_lr0.001/,13,0.14984484375072962,0.5748521807618626,0.9701573521432447,0.7555228276877761,0.7192687547875108,0.8890038961378425
wd0.0001_lr0.001/,14,0.13270917712704228,0.5810917220867083,0.9734129137276181,0.7628865979381443,0.7338496527137502,0.8905368678189332
wd0.0001_lr0.001/,15,0.12439470833174508,0.658079655777899,0.962561041779707,0.7658321060382917,0.7028387130232119,0.889408664962852
wd0.0001_lr0.001/,16,0.11149709174491372,0.6312392042381949,0.9777536625067824,0.7687776141384389,0.7248535135464736,0.8907207065147413
wd0.0001_lr0.001/,17,0.10090465517436688,0.6158201810362062,0.9848073792729246,0.7643593519882179,0.7294041625049164,0.891556692588182
wd0.0001_lr0.001/,18,0.0940062325817699,0.6196620193953367,0.9875203472599023,0.7702503681885126,0.7378455909429849,0.8951570611302261
wd0.0001_lr0.001/,19,0.08454210456305072,0.6291628178861952,0.9869777536625067,0.7687776141384389,0.7325907935547867,0.8980168810522627
wd0.01_lr0.001/,1,0.8517308841887468,0.7443449219828677,0.7498643516006511,0.6745213549337261,0.6173672755844392,0.8258397439320273
wd0.01_lr0.001/,2,0.5632513752626583,0.6585343800518053,0.7856755290287575,0.7142857142857143,0.692859225493487,0.8620093643779554
wd0.01_lr0.001/,3,0.46327574972348307,0.6398417847848255,0.8415626695604992,0.7069219440353461,0.6368135993135994,0.8512455592814074
wd0.01_lr0.001/,4,0.39336278491284105,0.6027561350669355,0.8638090070537168,0.7260677466863034,0.6434069939976904,0.8695177026909588
wd0.01_lr0.001/,5,0.3570732411261945,0.5781981702756811,0.8714053174172545,0.7540500736377025,0.7076868995316951,0.8818635498016514
wd0.01_lr0.001/,6,0.3376084947741297,0.6341397505972276,0.8811720021703744,0.7363770250368189,0.642273004392881,0.8708850447879729
wd0.01_lr0.001/,7,0.29328726695338087,0.5704006256867579,0.9077590884427563,0.7466863033873343,0.6945324382659158,0.8802182024642499
wd0.01_lr0.001/,8,0.25860059968783555,0.5596834387800304,0.9234943027672273,0.759941089837997,0.7050651686077164,0.8850577077895111
wd0.01_lr0.001/,9,0.23496628646868697,0.5434579076752922,0.935973955507325,0.7628865979381443,0.7169124218051831,0.8901202405826499
wd0.01_lr0.001/,10,0.21104885410563945,0.5686780904283931,0.9457406402604449,0.7584683357879234,0.7050900135753705,0.8855370337245215
wd0.01_lr0.001/,11,0.18807162920935802,0.5487604717091713,0.9571351058057515,0.7614138438880707,0.7184239313202809,0.8909250638762515
wd0.01_lr0.001/,12,0.16789906192621457,0.5578955873649496,0.9631036353771025,0.7643593519882179,0.7282202114759508,0.8916314877669992
wd0.01_lr0.001/,13,0.15023960148065685,0.5732696769163781,0.9696147585458491,0.7555228276877761,0.7192687547875108,0.8893470930477351
wd0.01_lr0.001/,14,0.1331938808774793,0.582354246428859,0.9734129137276181,0.7628865979381443,0.7338496527137502,0.8898415704916492
wd0.01_lr0.001/,15,0.12486792747911654,0.6626357133328827,0.9614758545849159,0.7658321060382917,0.7018466748952945,0.8879280235925465
wd0.01_lr0.001/,16,0.11201044022875252,0.6320171777559486,0.9777536625067824,0.7673048600883653,0.7230770561954579,0.890169309176119
wd0.01_lr0.001/,17,0.10138214941879879,0.6162509833941228,0.9848073792729246,0.7628865979381443,0.7282977103468724,0.8910173719373405
wd0.01_lr0.001/,18,0.094448757455424,0.6210137705739713,0.9869777536625067,0.7658321060382917,0.7331885780650791,0.8944264946833403
wd0.01_lr0.001/,19,0.08501900274486433,0.6294010707310268,0.9864351600651112,0.7673048600883653,0.7311412784770631,0.8974373816784423
wd1_lr0.001/,1,0.8504064175594908,0.7397303518034046,0.7493217580032555,0.6745213549337261,0.6163603830925121,0.8262979444190313
wd1_lr0.001/,2,0.560733840686112,0.6582959811360917,0.7856755290287575,0.7172312223858616,0.6950435241878123,0.8615641949722166
wd1_lr0.001/,3,0.4702746327066965,0.6269656870958555,0.8421052631578947,0.7128129602356407,0.6570288428620336,0.8531587458934807
wd1_lr0.001/,4,0.4064318727230935,0.6169826973871559,0.855127509495388,0.7157584683357879,0.6256404913739059,0.8633556890256013
wd1_lr0.001/,5,0.38106846861132965,0.5763790709280652,0.8757460661964189,0.7422680412371134,0.6677900908039178,0.8784337653015132
wd1_lr0.001/,6,0.356182798832186,0.5828032009029248,0.8887683125339121,0.7496318114874816,0.6761525690832424,0.8736947623613295
wd1_lr0.001/,7,0.31407747549074083,0.5701442038714447,0.8996201844818231,0.7496318114874816,0.6856238781680707,0.8784046610295034
wd1_lr0.001/,8,0.28866075748214887,0.5348115227183818,0.9131850244167119,0.7643593519882179,0.7129019502066966,0.8890626208811504
wd1_lr0.001/,9,0.269236694000625,0.5328885894460776,0.9234943027672273,0.7628865979381443,0.707693708237068,0.8896605537738115
wd1_lr0.001/,10,0.24888622101014293,0.5261746773136908,0.9413998914812806,0.7673048600883653,0.7233617189926841,0.8919867321995999
wd1_lr0.001/,11,0.23081216342217625,0.5409163698356527,0.9386869234943027,0.7643593519882179,0.7002649585971281,0.890114240694427
wd1_lr0.001/,12,0.2120241552300254,0.53628019801998,0.946825827455236,0.7614138438880707,0.699634976453567,0.8919070123748436
wd1_lr0.001/,13,0.20002099336390256,0.53411507360714,0.9560499186109603,0.7702503681885126,0.721451766202501,0.8912546575549811
wd1_lr0.001/,14,0.18982131915026493,0.5240823804717702,0.9462832338578405,0.7687776141384389,0.7523808022182562,0.9015701164990749
wd1_lr0.001/,15,0.18025526427019567,0.5472232105103438,0.962561041779707,0.7776141384388807,0.7282719301410889,0.8928210540739269
wd1_lr0.001/,16,0.16696350592604423,0.5597689127184681,0.9544221378187737,0.7687776141384389,0.7092918302160921,0.8956847914019717
wd1_lr0.001/,17,0.1569842351433769,0.5743926249126271,0.9593054801953337,0.7717231222385862,0.7083072192509853,0.8924685830865781
wd1_lr0.001/,18,0.14409927811172432,0.5305097577146999,0.9728703201302225,0.7761413843888071,0.7362676868003007,0.8993104926254487
wd1_lr0.001/,19,0.1399320327614677,0.5187909964784783,0.9766684753119913,0.7702503681885126,0.733854164752746,0.9033401861329887
wd1_lr0.001/,20,0.1387128724604926,0.5223699578129315,0.9755832881172002,0.7628865979381443,0.7309484375652939,0.9046244410510392
wd1_lr0.001/,21,0.1295654391197814,0.5339091024272397,0.9782962561041779,0.7835051546391752,0.7403946654691441,0.9064501836466169
wd1_lr0.001/,22,0.12617115700254605,0.5482310490334332,0.9788388497015735,0.7849779086892489,0.7390268426227057,0.9040407807498712
wd1_lr0.001/,23,0.11695766604211882,0.5387626726602771,0.9837221920781335,0.7820324005891016,0.7396065668775146,0.9047829249658074
wd1_lr0.001/,24,0.11358575600518264,0.5050556705345637,0.9848073792729246,0.7864506627393225,0.7536573160007042,0.9127473008272476
wd1_lr0.001/,25,0.11113862836823409,0.5115960279866416,0.9848073792729246,0.7893961708394698,0.7514617959139384,0.9143750335804937
wd1_lr0.001/,26,0.10387121082338638,0.49650352376901347,0.989148128052089,0.7908689248895434,0.7584652019420067,0.9165392875358034
wd1_lr0.001/,27,0.10667005122290056,0.5083973565754729,0.9886055344546935,0.7879234167893961,0.7562579821200511,0.9132999723615326
wd1_lr0.001/,28,0.10038262746350893,0.5147270236345384,0.9875203472599023,0.7893961708394698,0.7492941884513528,0.9159831306769356
wd1_lr0.001/,29,0.09610327513513524,0.5166039782876646,0.9875203472599023,0.7938144329896907,0.7542998794983897,0.9177629872320895
wd1_lr0.001/,30,0.0930926251026579,0.5305101453643484,0.9869777536625067,0.7952871870397643,0.7543492747619175,0.9169830997831333
wd1_lr0.001/,31,0.09161238411943744,0.5237440466002968,0.9886055344546935,0.7952871870397643,0.755544295145909,0.9191207483277838
wd1_lr0.001/,32,0.08939040272748801,0.5338052965931057,0.9869777536625067,0.7938144329896907,0.7515097485447959,0.9185347424545037
wd1_lr0.001/,33,0.08510023343153965,0.4981675042670676,0.9924036896364623,0.7997054491899853,0.7632015937806145,0.9232152545069452
wd1_lr0.001/,34,0.08143767703181043,0.4698963642822625,0.9924036896364623,0.8085419734904271,0.7785363575702057,0.9291255509417818
wd1_lr0.001/,35,0.08175370215205349,0.4803730679541519,0.9924036896364623,0.8055964653902798,0.7705187511105507,0.9288849492528793
wd1_lr0.001/,36,0.07969014718522213,0.4999400659934762,0.9913185024416712,0.8055964653902798,0.7701615427951397,0.926855513628261
wd1_lr0.001/,37,0.07921746314558334,0.47603555491114574,0.9929462832338578,0.8114874815905744,0.778960307193965,0.9310638802235767
wd1_lr0.001/,38,0.07685723332198043,0.4652555968519163,0.9934888768312534,0.8188512518409425,0.7919763981481843,0.9322477392739416
wd1_lr0.001/,39,0.07416485387041591,0.46518885931315584,0.9940314704286489,0.8173784977908689,0.7887021417134399,0.9328211558230444
wd1_lr0.001/,40,0.07415661604279612,0.4654655849810728,0.9945740640260445,0.8144329896907216,0.7845974287150758,0.9338190312490123
wd1_lr0.001/,41,0.07130913372741274,0.45555024856320186,0.9940314704286489,0.8203240058910162,0.7940342756468174,0.934876694014386
wd1_lr0.001/,42,0.07095185681021349,0.44303144025170577,0.9924036896364623,0.8365243004418262,0.8170206303561608,0.9368390816255582
wd1_lr0.001/,43,0.07317953896761846,0.45744096196979417,0.9940314704286489,0.8217967599410898,0.7954418677588316,0.9361653614883632
wd1_lr0.001/,44,0.06969296262759718,0.4851860810449794,0.9934888768312534,0.812960235640648,0.7757633940110032,0.9360061639184956
wd1_lr0.001/,45,0.06809308486209896,0.4665773079918481,0.9934888768312534,0.8217967599410898,0.7937917948853405,0.9357808676003283
wd1_lr0.001/,46,0.06581493811525214,0.46306689884595914,0.9934888768312534,0.8217967599410898,0.7958115996025832,0.9368347012992283
wd1_lr0.001/,47,0.06493928577756986,0.45414195671699537,0.9934888768312534,0.8276877761413843,0.8019205239032491,0.9373343970412286
wd1_lr0.001/,48,0.06472752935784185,0.45189051564909044,0.9940314704286489,0.8262150220913107,0.7999120155487365,0.9390022008513349
wd1_lr0.001/,49,0.06493657859718419,0.44730152472831713,0.9940314704286489,0.8276877761413843,0.8032639242241563,0.9392057670688093
wd1_lr0.001/,50,0.06694949298846417,0.43590017551877186,0.9934888768312534,0.8365243004418262,0.8167479142695281,0.9405990650183494
wd1_lr0.001/,51,0.0630266543657671,0.43867293232846155,0.9940314704286489,0.8379970544918999,0.8186357139845511,0.9412638295801115
wd1_lr0.001/,52,0.06273769569086499,0.45996799384722475,0.9945740640260445,0.8276877761413843,0.799755431127582,0.9392634548706179
wd1_lr0.001/,53,0.06035252741769934,0.4520473789220706,0.99511665762344,0.8247422680412371,0.7985413811951988,0.9404289137754995
wd1_lr0.001/,54,0.06035629547505811,0.4514391116786951,0.9945740640260445,0.8262150220913107,0.801180104609228,0.9401283630102073
wd1_lr0.001/,55,0.058939592855185574,0.46218123176136494,0.99511665762344,0.8203240058910162,0.7895889719796707,0.9410750489394539
wd1_lr0.001/,56,0.058000476368891433,0.44221864006480693,0.9945740640260445,0.8306332842415317,0.8084563055991628,0.9418582744672225
wd1_lr0.001/,57,0.05766861699016212,0.4504107782872331,0.9956592512208355,0.8247422680412371,0.7966891016337466,0.9415818037656661
wd1_lr0.001/,58,0.05801114060967045,0.43415169582451213,0.9945740640260445,0.8350515463917526,0.8136890304272278,0.9438304158336212
wd1_lr0.001/,59,0.05677097286307417,0.4573531452791329,0.9956592512208355,0.8203240058910162,0.7913390310292132,0.9412409691046765
wd1_lr0.001/,60,0.056856608379084454,0.4651061129675347,0.99511665762344,0.8217967599410898,0.7888179185684626,0.9411348094507925
wd1_lr0.001/,61,0.05615749011423623,0.4502986295584902,0.9956592512208355,0.8291605301914581,0.8002348347667322,0.9437841109736013
wd1_lr0.001/,62,0.0551606461696824,0.43244583511914353,0.9945740640260445,0.833578792341679,0.8121286257818272,0.9447655633101658
wd1_lr0.001/,63,0.05575056248347007,0.4230315105904536,0.9945740640260445,0.8424153166421208,0.8252941809571643,0.9447479078101061
wd1_lr0.001/,64,0.05916794396965192,0.4217453620921881,0.9940314704286489,0.8438880706921944,0.8273023546136521,0.945551465997729
wd1_lr0.001/,65,0.05554853694445726,0.4301953828387478,0.99511665762344,0.8247422680412371,0.8009073795425974,0.9459328078786035
wd1_lr0.001/,66,0.05421360851352912,0.45058679931820406,0.9956592512208355,0.8232695139911634,0.7950801052037756,0.9442497047575511
wd1_lr0.001/,67,0.05309428121819809,0.4796338004110839,0.99511665762344,0.8232695139911634,0.7876729690782506,0.9434792790557913
wd1_lr0.001/,68,0.055342679609844236,0.4479205871716866,0.9962018448182312,0.8217967599410898,0.7949779221721301,0.9453371951617934
wd1_lr0.001/,69,0.05214747770351362,0.4241380817935814,0.99511665762344,0.8350515463917526,0.815696333951765,0.9460355032394863
wd1_lr0.001/,70,0.05175170809742037,0.4475045913449092,0.99511665762344,0.8188512518409425,0.7907712707775327,0.9448832862517754
wd1_lr0.001/,71,0.05208615688844601,0.42262683806608986,0.99511665762344,0.8394698085419735,0.8216619065180563,0.9474844533774466
wd1_lr0.001/,72,0.0510169700742156,0.42756064054014403,0.9962018448182312,0.8321060382916053,0.8111680109883594,0.9463440251971136
wd1_lr0.001/,73,0.051185829111142965,0.43558539838608307,0.9962018448182312,0.8306332842415317,0.8060923762977801,0.9458967497644032
wd1_lr0.001/,74,0.05011750777907431,0.4462390163685682,0.9972870320130223,0.8276877761413843,0.7998960314897685,0.9456634779238516
wd10_lr0.001/,1,0.8442567397703377,0.7566721808050096,0.7704829083016821,0.6686303387334315,0.591454901865966,0.8241963454848332
wd10_lr0.001/,2,0.56845329584664,0.7138391868355348,0.801953336950624,0.7172312223858616,0.6403231005000917,0.8405701890278854
wd10_lr0.001/,3,0.5510311278388736,0.7203809825239897,0.8014107433532285,0.7128129602356407,0.6147399250692179,0.8307607508751493
wd10_lr0.001/,4,0.5552529502807593,0.7279833427058404,0.8084644601193706,0.7142857142857143,0.6171911421911421,0.8299614700860857
wd10_lr0.001/,5,0.578783294556908,0.7401854749631811,0.801953336950624,0.7083946980854198,0.6093592397940224,0.8307529026087703
wd10_lr0.001/,6,0.6053912259610011,0.7518164700717392,0.8008681497558329,0.7069219440353461,0.6073428619712775,0.8366850642457505
wd10_lr0.001/,7,0.6344520371372908,0.7685359454822119,0.7938144329896907,0.7098674521354934,0.6146520398897232,0.8399443416875982
wd10_lr0.001/,8,0.6626267810587125,0.7888291124391626,0.7867607162235486,0.7098674521354934,0.6118818857533163,0.8392831472844454
wd10_lr0.001/,9,0.6945235800044536,0.8053847075562063,0.7883884970157352,0.711340206185567,0.6185460236164462,0.8442482835088767
wd10_lr0.001/,10,0.7212531621923152,0.824382664002094,0.7737384698860553,0.7010309278350515,0.5987375706241412,0.8455158241490691
wd10_lr0.001/,11,0.7477453957416412,0.8428520461069817,0.7666847531199131,0.6980854197349042,0.5955091426594618,0.8512622522990533
wd10_lr0.001/,12,0.7703655861152363,0.8556040004005488,0.7704829083016821,0.7039764359351989,0.6009085438770062,0.8581698590209763
