adim,kayip,ogrenme_orani
1,1.3491363525390625,1.200000000000002e-05
2,1.2652244567871094,1.227099174237853e-05
3,1.1582813262939453,1.3082947017785786e-05
4,1.1868133544921875,1.4432809809904884e-05
5,1.1982555389404297,1.6315499539985693e-05
6,1.1598434448242188,1.8723930188996145e-05
7,1.1139259338378906,2.1649036967797634e-05
8,0.8938426971435547,2.5079810434964806e-05
9,0.7984714508056641,2.9003337933836886e-05
10,0.9517555236816406,3.3404852192841855e-05
11,0.9947583675384521,3.826778690617198e-05
12,0.802459716796875,4.357383908561841e-05
13,0.7721695899963379,4.9303037948885894e-05
14,0.5815794467926025,5.543382008510792e-05
15,0.5650287866592407,6.194311061465615e-05
16,0.5631111860275269,6.880641003777712e-05
17,0.4496176242828369,7.599788644517731e-05
18,0.5112686157226562,8.349047274349667e-05
19,0.3719378709793091,9.125596852973668e-05
20,0.5375245809555054,9.92651462312091e-05
21,0.4296979308128357,0.00010748786111152036
22,0.45459693670272827,0.00011589316472855238
23,0.24481937289237976,0.00012444942141741076
24,0.22126483917236328,0.00013312442735992396
25,0.2285088300704956,0.00014188553179254328
26,0.3893848955631256,0.00015069975989644434
27,0.3569503128528595,0.00015953393690729936
28,0.17701047658920288,0.0001683548129775993
29,0.3254460394382477,0.00017712918832157209
30,0.16325359046459198,0.00018582403817167943
31,0.1687094271183014,0.00019440663707638535
32,0.25706425309181213,0.00020284468207136584
33,0.1374102234840393,0.00021110641426057292
34,0.2532530426979065,0.00021916073834954793
35,0.21413293480873108,0.00022697733968108887
36,0.22730475664138794,0.0002345267983327747
37,0.2636181116104126,0.00024178069984691044
38,0.1918850839138031,0.00024871174217613
39,0.20921987295150757,0.0002552938384421377
40,0.20603686571121216,0.00026150221512082745
41,0.167753204703331,0.00026731350528423414
42,0.20500151813030243,0.00027270583654837364
43,0.20578721165657043,0.0002776589133959578
44,0.08477470278739929,0.00028215409356413854
45,0.26504552364349365,0.00028617445820977583
46,0.2327251136302948,0.000289704875588143
47,0.13386204838752747,0.0002927320580053973
48,0.1574380099773407,0.0002952446118304587
49,0.169335275888443,0.00029723308037806514
50,0.11872809380292892,0.0002986899795016003
51,0.11122822016477585,0.00029960982576173134
52,0.17739340662956238,0.0002999891570648368
53,0.377632737159729,0.0002999945857252113
54,0.25908592343330383,0.00029997259090376263
55,0.07273790240287781,0.00029993367962253105
56,0.16954082250595093,0.00029987785627061034
57,0.09335751831531525,0.00029980512714473283
58,0.26137232780456543,0.00029971550044855937
59,0.09330851584672928,0.00029960898629175355
60,0.06335221976041794,0.0002994855966888419
61,0.0561671257019043,0.0002993453455578583
62,0.1574065089225769,0.00029918824871877424
63,0.07393771409988403,0.0002990143238917143
64,0.09937798976898193,0.00029882359069495734
65,0.09414222836494446,0.0002986160706427237
66,0.035368867218494415,0.0002983917871427483
67,0.07465514540672302,0.00029815076549364044
68,0.06000261381268501,0.00029789303288203024
69,0.0575750470161438,0.00029761861837950194
70,0.023480741307139397,0.00029732755293931457
71,0.05668479949235916,0.00029701986939291073
72,0.1649164855480194,0.0002966956024462133
73,0.17305225133895874,0.00029635478867571043
74,0.03951828181743622,0.00029599746652433017
75,0.030107863247394562,0.0002956236762971039
76,0.10645440220832825,0.0002952334601566201
77,0.08146066963672638,0.00029482686211826874
78,0.017578458413481712,0.00029440392804527604
79,0.019933266565203667,0.0002939647056435317
80,0.053590454161167145,0.0002935092444562073
81,0.1342666894197464,0.00029303759585816837
82,0.03110278956592083,0.00029254981305017923
83,0.053493253886699677,0.00029204595105290207
84,0.09893510490655899,0.00029152606670069083
85,0.02125130034983158,0.00029099021863518047
86,0.07029009610414505,0.00029043846729867216
87,0.12429799884557724,0.00028987087492731567
88,0.050971537828445435,0.00028928750554408944
89,0.01371641457080841,0.00028868842495157864
90,0.03807225078344345,0.000288073700724553
91,0.03970739245414734,0.00028744340220234437
92,0.03132983297109604,0.00028679760048102584
93,0.08636210113763809,0.00028613636840539174
94,0.03490777313709259,0.00028545978056074127
95,0.05664440244436264,0.0002847679132644655
96,0.03422265499830246,0.0002840608445574386
97,0.022052982822060585,0.0002833386541952156
98,0.049604885280132294,0.0002826014236390354
99,0.08657334744930267,0.0002818492360466331
100,0.05163440853357315,0.00028108217626285917
101,0.029196592047810555,0.0002803003308101095
102,0.03221915289759636,0.0002795037878785661
103,0.005528269335627556,0.0002786926373162491
104,0.014968352392315865,0.00027786697061888245
105,0.015267251059412956,0.00027702688091957306
106,0.04417862743139267,0.000276172462978306
107,0.04354634881019592,0.00027530381317125566
108,0.010120294988155365,0.0002744210294799146
109,0.05628562718629837,0.00027352421148004184
110,0.02742755226790905,0.00027261346033043057
111,0.02660566382110119,0.00027168887876149816
112,0.026642179116606712,0.00027075057106369784
113,0.00989454984664917,0.00026979864307575554
114,0.011541392654180527,0.00026883320217273125
115,0.009697217494249344,0.0002678543572539075
116,0.01331234723329544,0.0002668622187305058
117,0.029723161831498146,0.0002658568985132325
118,0.015544693917036057,0.00026483850999965545
119,0.028553199023008347,0.0002638071680614132
120,0.00928988866508007,0.0002627629890312578
121,0.009939827024936676,0.0002617060906899326
122,0.026562806218862534,0.0002606365922528869
123,0.0338466502726078,0.00025955461435682876
124,0.00471847876906395,0.00025846027904611777
125,0.007279012352228165,0.0002573537097589983
126,0.03385612368583679,0.00025623503131367637
127,0.009423768147826195,0.0002551043698942401
128,0.03016500547528267,0.00025396185303642674
129,0.0019015651196241379,0.00025280760961323697
130,0.004770660772919655,0.0002516417698203982
131,0.022885629907250404,0.0002504644651616789
132,0.011673271656036377,0.0002492758284340553
133,0.011424969881772995,0.00024807599371273216
134,0.08246476948261261,0.0002468650963360197
135,0.0050542764365673065,0.00024564327289006735
136,0.0031686779111623764,0.00024441066119345754
137,0.0288514606654644,0.00024316740028165992
138,0.010008689016103745,0.00024191363039134862
139,0.002236476168036461,0.0002406494929445838
140,0.019269032403826714,0.00023937513053285978
141,0.06453213095664978,0.00023809068690102086
142,0.004930531606078148,0.0002367963069310474
143,0.015006868168711662,0.00023549213662571347
144,0.003109915181994438,0.00023417832309211812
145,0.02636805921792984,0.00023285501452509209
146,0.08862230181694031,0.00023152236019048173
147,0.004496192559599876,0.00023018051040831224
148,0.003668496385216713,0.00022882961653583205
149,0.02404363825917244,0.00022746983095043983
150,0.003327246755361557,0.00022610130703249712
151,0.10574247688055038,0.00022472419914802707
152,0.010111954063177109,0.00022333866263130235
153,0.0066644176840782166,0.00022194485376732416
154,0.008859451860189438,0.00022054292977419335
155,0.0024495627731084824,0.00021913304878537674
156,0.028692584484815598,0.00021771536983187002
157,0.042346931993961334,0.00021629005282425957
158,0.0036379005759954453,0.00021485725853468486
159,0.01411241665482521,0.00021341714857870376
160,0.0019287988543510437,0.0002119698853970628
161,0.014288337901234627,0.00021051563223737404
162,0.01526724174618721,0.00020905455313570154
163,0.009645028039813042,0.00020758681289805817
164,0.009010110050439835,0.00020611257708181592
165,0.004747819155454636,0.00020463201197703173
166,0.0048751868307590485,0.0002031452845876901
167,0.04070650041103363,0.00020165256261286572
168,0.004472134634852409,0.00020015401442780712
169,0.004717297852039337,0.00019864980906494464
170,0.012267149984836578,0.00019714011619482392
171,0.029163958504796028,0.00019562510610696753
172,0.012044113129377365,0.0001941049496906666
173,0.012243140488862991,0.0001925798184157051
174,0.03995943069458008,0.0001910498843130184
175,0.005171237513422966,0.00018951531995528865
176,0.04186563566327095,0.00018797629843747907
177,0.0031597018241882324,0.00018643299335730908
178,0.007815470919013023,0.0001848855787956732
179,0.009560737758874893,0.000183334229297005
180,0.004227813333272934,0.00018177911984958888
181,0.0032035745680332184,0.00018022042586582202
182,0.003341352567076683,0.00017865832316242802
183,0.0041170138865709305,0.00017709298794062563
184,0.008751705288887024,0.0001755245967662533
185,0.00442582368850708,0.00017395332654985326
186,0.003631260246038437,0.00017237935452671626
187,0.005978427827358246,0.0001708028582368902
188,0.009184710681438446,0.0001692240155051536
189,0.009203456342220306,0.00016764300442095786
190,0.013757407665252686,0.0001660600033183389
191,0.0017335489392280579,0.00016447519075580178
192,0.0033927690237760544,0.00016288874549617958
193,0.026200134307146072,0.00016130084648646948
194,0.01419852115213871,0.00015971167283764792
195,0.005755431950092316,0.00015812140380446748
196,0.005361124873161316,0.00015653021876523728
197,0.006071398034691811,0.0001549382972015896
198,0.0016031693667173386,0.00015334581867823479
199,0.009159401059150696,0.00015175296282270688
200,0.05382634699344635,0.00015015990930510194
201,0.019885485991835594,0.00014856683781781189
202,0.015663685277104378,0.00014697392805525553
203,0.0028493613936007023,0.00014538135969360962
204,0.004232913255691528,0.00014378931237054156
205,0.0024844687432050705,0.0001421979656649472
206,0.006151814013719559,0.00014060749907669434
207,0.0635126605629921,0.00013901809200637572
208,0.05211670696735382,0.0001374299237350733
209,0.003591155633330345,0.00013584317340413563
210,0.008319942280650139,0.0001342580199949711
211,0.0020415540784597397,0.00013267464230885947
212,0.004750220105051994,0.00013109321894678335
213,0.0008595958352088928,0.00012951392828928262
214,0.0020591840147972107,0.0001279369484763336
215,0.0007704012095928192,0.000126362457387255
216,0.0013950243592262268,0.00012479063262064397
217,0.002649731934070587,0.0001232216514743432
218,0.006868373602628708,0.00012165569092544217
219,0.0009698476642370224,0.00012009292761031475
220,0.0016491468995809555,0.00011853353780469482
221,0.005366560071706772,0.0001169776974037931
222,0.003200361505150795,0.00011542558190245642
223,0.0021497607231140137,0.00011387736637537232
224,0.0030242446810007095,0.00011233322545732125
225,0.001743558794260025,0.00011079333332347813
226,0.002259356901049614,0.00010925786366976563
227,0.0037708356976509094,0.0001077269896932621
228,0.0005650538951158524,0.00010620088407266498
229,0.0037972666323184967,0.00010467971894881342
230,0.0034478437155485153,0.00010316366590527111
231,0.032003454864025116,0.0001016528959489718
232,0.0006880129221826792,0.00010014757949093073
233,0.0010189376771450043,9.864788632702223e-05
234,0.023284178227186203,9.715398561882727e-05
235,0.004331808537244797,9.566604587455273e-05
236,0.0013690683990716934,9.418423493002364e-05
237,0.0009616706520318985,9.270871992975215e-05
238,0.0011633075773715973,9.123966730808388e-05
239,0.0017112493515014648,8.977724277042441e-05
240,0.0006642919033765793,8.832161127454845e-05
241,0.0010708756744861603,8.687293701199277e-05
242,0.0009152721613645554,8.543138338953586e-05
243,0.002697410061955452,8.399711301076611e-05
244,0.001635996624827385,8.257028765774049e-05
245,0.0010051820427179337,8.115106827273607e-05
246,0.0010176748037338257,7.973961494009592e-05
247,0.0008490327745676041,7.833608686817216e-05
248,0.00655038096010685,7.69406423713676e-05
249,0.0014546029269695282,7.555343885227842e-05
250,0.01133095845580101,7.417463278393931e-05
251,0.0014485549181699753,7.280437969217388e-05
252,0.0009208768606185913,7.144283413805167e-05
253,0.004489244893193245,7.009014970045409e-05
254,0.0013634376227855682,6.874647895875121e-05
255,0.004340212792158127,6.741197347559096e-05
256,0.0033234339207410812,6.608678377980337e-05
257,0.0011914018541574478,6.47710593494215e-05
258,0.0021880511194467545,6.346494859482018e-05
259,0.0007305778563022614,6.216859884197643e-05
260,0.0014947783201932907,6.088215631585058e-05
261,0.0009734326740726829,5.9605766123893386e-05
262,0.0011118259280920029,5.8339572239677584e-05
263,0.0009003747254610062,5.7083717486658264e-05
264,0.0005824808031320572,5.5838343522063e-05
265,0.004268992692232132,5.460359082091281e-05
266,0.0019311252981424332,5.337959866017725e-05
267,0.0013980008661746979,5.216650510306424e-05
268,0.0025384873151779175,5.096444698344682e-05
269,0.0026271697133779526,4.977355989042888e-05
270,0.003248494118452072,4.859397815305069e-05
271,0.000777101144194603,4.742583482513717e-05
272,0.00040025077760219574,4.6269261670289644e-05
273,0.0016375929117202759,4.512438914702346e-05
274,0.002212412655353546,4.399134639405225e-05
275,0.001070430502295494,4.287026121572166e-05
276,0.0007415544241666794,4.1761260067593304e-05
277,0.00037933699786663055,4.06644680421808e-05
278,0.0014731641858816147,3.958000885483988e-05
279,0.0013006553053855896,3.850800482981318e-05
280,0.0005977153778076172,3.744857688643295e-05
281,0.001086689531803131,3.640184452548119e-05
282,0.0047141872346401215,3.536792581571042e-05
283,0.0013719219714403152,3.4346937380526044e-05
284,0.0008909758180379868,3.3338994384831e-05
285,0.0008426252752542496,3.2344210522036084e-05
286,0.0007096100598573685,3.1362698001235135e-05
287,0.0008328165858983994,3.0394567534548315e-05
288,0.0036980025470256805,2.94399283246342e-05
289,0.0011774785816669464,2.8498888052371698e-05
290,0.0011384697863832116,2.757155286471417e-05
291,0.0053844936192035675,2.6658027362716186e-05
292,0.0014037322252988815,2.5758414589734827e-05
293,0.021956000477075577,2.487281601980675e-05
294,0.0007068011909723282,2.4001331546202035e-05
295,0.0008161179721355438,2.314405947015651e-05
296,0.0010463763028383255,2.2301096489783617e-05
297,0.0006441306322813034,2.147253768916734e-05
298,0.001455649733543396,2.065847652763644e-05
299,0.0023869406431913376,1.985900482922308e-05
300,0.0006844643503427505,1.907421277230489e-05
301,0.0016534682363271713,1.8304188879433198e-05
302,0.0006725378334522247,1.754902000734807e-05
303,0.0005019772797822952,1.6808791337180705e-05
304,0.004884036257863045,1.608358636484571e-05
305,0.0005843490362167358,1.5373486891622564e-05
306,0.0006585773080587387,1.4678573014928822e-05
307,0.0008927248418331146,1.3998923119285406e-05
308,0.0005679503083229065,1.3334613867474758e-05
309,0.0029360298067331314,1.2685720191893824e-05
310,0.0006610862910747528,1.2052315286101598e-05
311,0.0023740921169519424,1.1434470596563172e-05
312,0.0007703155279159546,1.0832255814590775e-05
313,0.004655133932828903,1.0245738868482766e-05
314,0.0009585842490196228,9.674985915861413e-06
315,0.0006865393370389938,9.120061336210603e-06
316,0.0010648313909769058,8.581027723613925e-06
317,0.0010876338928937912,8.057945879694195e-06
318,0.00913851149380207,7.550874806755308e-06
319,0.0005376642802730203,7.059871701126783e-06
320,0.0018926970660686493,6.584991946712204e-06
321,0.0021238084882497787,6.126289108742188e-06
322,0.0004158858209848404,5.68381492773208e-06
323,0.00035628117620944977,5.257619313646074e-06
324,0.0052276961505413055,4.84775034026729e-06
325,0.0008987393230199814,4.45425423977522e-06
326,0.000709783285856247,4.077175397530916e-06
327,0.0013599004596471786,3.7165563470703006e-06
328,0.0005664452910423279,3.3724377653066566e-06
329,0.00040880031883716583,3.044858467942248e-06
330,0.001163611188530922,2.7338554050900588e-06
331,0.003109591081738472,2.4394636571059578e-06
332,0.003153836354613304,2.1617164306315652e-06
333,0.0009983330965042114,1.9006450548488784e-06
334,0.0011668968945741653,1.6562789779461485e-06
335,0.00150393508374691,1.4286457637964147e-06
336,0.0035080071538686752,1.21777108884824e-06
337,0.0004103612154722214,1.023678739229537e-06
338,0.0006903186440467834,8.46390608064526e-07
339,0.0005066487938165665,6.859266930042544e-07
340,0.0004599373787641525,5.423050939709085e-07
341,0.0007005445659160614,4.15542011116189e-07
342,0.002836119383573532,3.0565174299398004e-07
343,0.0006620753556489944,2.1264668494751218e-07
344,0.0021993666887283325,1.365373277111865e-07
345,0.002081187441945076,7.733225622724283e-08
346,0.0008009187877178192,3.5038148677421204e-08
347,0.0014799349009990692,9.65977572966763e-09
348,0.0007451632409356534,1.1999999999999998e-09
